Epoch,Cycle,Episodes,Timesteps,TimeCost(sec),Pi_q_loss,Pi_l2_loss,Q_loss,Success
0/20,0/20,50,5000,49.64177918434143,,,,0.0
0/20,1/20,100,10000,54.61414623260498,8.422259002923965,0.190375353442505,3.408721834421158,0.0
0/20,2/20,150,15000,91.05891919136047,604.5670962929726,5.527620517415926,21.498981297481805,0.0
0/20,3/20,200,20000,94.44893002510071,987.8048640489578,17.05649069440551,19.726803532335907,0.0
0/20,4/20,250,25000,94.17444133758545,1307.057971894741,33.14157337509096,29.78532095439732,0.0
0/20,5/20,300,30000,94.06165766716003,1595.4731279611588,35.39302899874747,43.107853724621236,0.0
0/20,6/20,350,35000,98.09113502502441,1898.677377462387,37.708701288327575,59.91857228986919,0.0
0/20,7/20,400,40000,95.67261123657227,2080.20880818367,46.56779883056879,78.02289586700499,0.0
0/20,8/20,450,45000,93.22460126876831,2210.50787293911,57.686338445171714,89.74859044142067,0.0
0/20,9/20,500,50000,97.74266242980957,2335.2667475938797,64.16353281587362,105.44886809587479,0.0
0/20,10/20,550,55000,96.47934007644653,2430.7955483198166,68.58858981356025,111.11011775583029,0.0
0/20,11/20,600,60000,94.78190016746521,2491.649880170822,72.37291145324707,112.54448493942618,0.0
0/20,12/20,650,65000,95.88386106491089,2513.016389131546,73.96748588234186,129.81894394755363,0.0
0/20,13/20,700,70000,94.89818406105042,2525.9497470855713,76.07422572001815,157.36524610593915,0.0
0/20,14/20,750,75000,98.22062563896179,2519.70543217659,75.26823510602117,172.02636764198542,0.0
0/20,15/20,800,80000,98.67905378341675,2497.759818315506,78.72589065507054,164.20092057436705,0.0
0/20,16/20,850,85000,96.55018377304077,2452.4662553071976,78.85587917268276,172.3073530457914,0.0
0/20,17/20,900,90000,98.83898639678955,2409.4910975694656,78.96655971929431,182.76276003569365,0.0
0/20,18/20,950,95000,97.5914192199707,2329.0357151031494,78.96739946305752,166.95419535040855,0.0
0/20,19/20,1000,100000,97.27937150001526,2289.104165315628,79.86076114326715,166.4319663979113,0.0
1/20,0/20,1050,105000,100.22357392311096,2284.1825284957886,77.6691792793572,182.6809073239565,0.0
1/20,1/20,1100,110000,96.97907590866089,2252.254126548767,80.42992632091045,185.74443367868662,0.0
1/20,2/20,1150,115000,96.32933950424194,2151.5593494176865,82.96788833662868,183.0015037804842,0.0
1/20,3/20,1200,120000,97.48834228515625,2134.651005387306,80.49115051701665,180.47207929193974,0.0
1/20,4/20,1250,125000,98.43578290939331,2144.9156596660614,79.49687846377492,173.2307831570506,0.0
1/20,5/20,1300,130000,97.36011457443237,2181.478808283806,79.35046960413456,180.48478976264596,0.0
1/20,6/20,1350,135000,96.98408913612366,2158.370450258255,76.69093656912446,168.80476596206427,0.0
1/20,7/20,1400,140000,97.80528521537781,2122.0170781612396,78.25862121582031,180.43818996101618,0.0
1/20,8/20,1450,145000,97.12897801399231,2094.4606878757477,76.68463532626629,175.10063475742936,0.0
1/20,9/20,1500,150000,97.51992988586426,2074.816545844078,76.69634856656194,176.99212269857526,0.0
1/20,10/20,1550,155000,98.31205534934998,2052.9258130788803,78.05984274297953,180.9989626891911,0.0
1/20,11/20,1600,160000,93.03127384185791,2062.8415483236313,78.20559765025973,177.510165899992,0.0
1/20,12/20,1650,165000,97.41138529777527,2043.7922666072845,76.91414427012205,184.86516954004765,0.0
1/20,13/20,1700,170000,96.57815456390381,2039.541502714157,76.29409213736653,178.68359818682075,0.0
1/20,14/20,1750,175000,97.0658597946167,1991.306356549263,76.1996950507164,184.02882543951273,0.0
1/20,15/20,1800,180000,95.91134929656982,1970.5343722105026,76.01732186228037,181.34959687292576,0.0
1/20,16/20,1850,185000,99.0018560886383,1969.5489090681076,74.91218009591103,188.27415004745126,0.0
1/20,17/20,1900,190000,96.73846459388733,1975.5993602275848,74.82241955399513,173.96408188343048,0.0
1/20,18/20,1950,195000,99.69119000434875,1971.3649698495865,74.80992175266147,187.80758130177855,0.0
1/20,19/20,2000,200000,97.05972194671631,1964.8482497930527,76.25209269672632,188.25229039788246,0.0
2/20,0/20,2050,205000,99.7836709022522,1967.0783598423004,75.34481928125024,179.69271762669086,0.0
2/20,1/20,2100,210000,97.46974563598633,1960.2655783891678,75.3813665881753,185.10619504749775,0.0
2/20,2/20,2150,215000,99.66990733146667,1947.882367491722,74.92546368762851,185.61981993541121,0.0
2/20,3/20,2200,220000,100.00739026069641,1958.818279504776,71.97877584397793,186.62245954573154,0.0
2/20,4/20,2250,225000,94.43854284286499,1978.259106040001,73.24087793380022,213.4381924532354,0.0
2/20,5/20,2300,230000,100.77173924446106,1969.4103890657425,75.99276788905263,196.31739265471697,0.0
2/20,6/20,2350,235000,101.03868460655212,1966.922108411789,74.68420961499214,204.32987359911203,0.0
2/20,7/20,2400,240000,101.1762592792511,1961.0770453214645,74.12030459940434,197.47201458364725,0.0
2/20,8/20,2450,245000,96.98277831077576,1978.628952741623,75.67679005116224,199.54445362091064,0.0
2/20,9/20,2500,250000,99.75955843925476,1959.4147173166275,73.22334882244468,191.7080170698464,0.0
2/20,10/20,2550,255000,101.9394474029541,1954.6325677633286,73.46010367572308,194.716746032238,0.0
2/20,11/20,2600,260000,98.16942071914673,1946.2886281609535,73.30713327229023,197.71668833866715,0.0
2/20,12/20,2650,265000,97.39039945602417,1934.8553613424301,73.69749481603503,192.00552213937044,0.0
2/20,13/20,2700,270000,97.9399836063385,1913.0003154277802,73.27148839086294,183.4780405573547,0.0
2/20,14/20,2750,275000,97.17246603965759,1918.9689878225327,74.740243781358,193.04306480288506,0.0
2/20,15/20,2800,280000,100.40807032585144,1910.9564163684845,75.03794717416167,184.04067809134722,0.0
2/20,16/20,2850,285000,97.7850821018219,1933.793026983738,73.45499260723591,187.72542935237288,0.0
2/20,17/20,2900,290000,97.72209763526917,1909.4007341861725,73.79296763241291,183.6634029634297,0.0
2/20,18/20,2950,295000,96.55921363830566,1879.1456587314606,70.90661469101906,170.8461388349533,0.0
2/20,19/20,3000,300000,98.40964436531067,1894.5472440123558,72.83873392641544,179.15697538852692,0.0
3/20,0/20,3050,305000,96.87969660758972,1892.5961785316467,72.50483586639166,176.4556053057313,0.0
3/20,1/20,3100,310000,92.45803833007812,1856.7662076950073,71.40153545886278,179.76284335553646,0.0
3/20,2/20,3150,315000,96.27599859237671,1845.3747019171715,70.78175280243158,179.75813407078385,0.0
3/20,3/20,3200,320000,93.76290655136108,1877.0861226916313,70.29179482907057,177.68787275999784,0.0
3/20,4/20,3250,325000,99.897940158844,1888.3568338155746,69.92733367159963,177.14301158487797,0.0
3/20,5/20,3300,330000,102.79838347434998,1877.013021349907,69.70409469678998,180.85399911552668,0.0
3/20,6/20,3350,335000,98.78934454917908,1870.3887705802917,70.52768994495273,170.38877534866333,0.0
3/20,7/20,3400,340000,96.23613619804382,1867.9240080714226,71.3545805439353,174.64920141547918,0.0
3/20,8/20,3450,345000,96.41763377189636,1860.9500426054,70.12892064079642,173.1591809950769,0.0
3/20,9/20,3500,350000,95.26044797897339,1874.1823885440826,69.86802845075727,179.23910838738084,0.0
3/20,10/20,3550,355000,95.38495016098022,1891.6130893230438,69.6140676625073,177.84879644960165,0.0
3/20,11/20,3600,360000,94.64573860168457,1864.568306684494,69.09237222373486,181.6113628037274,0.0
3/20,12/20,3650,365000,96.83503293991089,1904.272723197937,69.69709311053157,182.75167948380113,0.0
3/20,13/20,3700,370000,94.48111057281494,1872.8862765431404,69.61845095828176,170.63011987507343,0.0
3/20,14/20,3750,375000,96.67704248428345,1874.6079424619675,71.19453916698694,196.15575885772705,0.0
3/20,15/20,3800,380000,99.34233903884888,1836.343340575695,70.29313874989748,168.295523814857,0.0
3/20,16/20,3850,385000,98.59594345092773,1841.9965897202492,70.63215022534132,183.75035101920366,0.0
3/20,17/20,3900,390000,101.31668543815613,1844.8056404590607,71.64641376212239,170.9168582856655,0.0
3/20,18/20,3950,395000,98.91827368736267,1803.4715299010277,70.0992119833827,172.18620713800192,0.0
3/20,19/20,4000,400000,99.46296453475952,1783.4783194065094,67.87684323638678,178.93094650283456,0.0
4/20,0/20,4050,405000,95.11047625541687,1793.6530689001083,68.51063417643309,177.1187463477254,0.0
4/20,1/20,4100,410000,96.67335510253906,1788.2724103927612,69.79547376185656,169.41582843661308,0.0
4/20,2/20,4150,415000,98.89967775344849,1817.4703449606895,68.20919658988714,176.6024761237204,0.0
4/20,3/20,4200,420000,95.98263621330261,1826.8021606206894,67.97573321312666,177.2187607549131,0.0
4/20,4/20,4250,425000,98.81792521476746,1838.9422369003296,69.51891931891441,170.06726935878396,0.0
4/20,5/20,4300,430000,97.40474534034729,1844.1435110569,68.7242902033031,178.57858315110207,0.0
4/20,6/20,4350,435000,98.79698085784912,1825.8591734170914,69.87548460066319,172.52213468775153,0.0
4/20,7/20,4400,440000,95.8984649181366,1822.4499380588531,69.81658577173948,180.72722143307328,0.0
4/20,8/20,4450,445000,96.39592742919922,1764.3525037169456,68.42643339186907,160.317388843745,0.0
4/20,9/20,4500,450000,92.2681040763855,1809.7958993315697,68.00009691342711,166.49830171093345,0.0
4/20,10/20,4550,455000,95.40125226974487,1803.909389436245,68.63588881120086,178.39654246717691,0.0
4/20,11/20,4600,460000,96.78725337982178,1798.7330086231232,68.33062186092138,171.81564215570688,0.0
4/20,12/20,4650,465000,100.57263016700745,1818.8665040135384,68.14942452311516,171.8199673704803,0.0
4/20,13/20,4700,470000,98.29194951057434,1809.7690878510475,69.83576314896345,168.37604893743992,0.0
4/20,14/20,4750,475000,93.26269149780273,1783.6670460700989,69.3011845946312,169.69724978134036,0.0
4/20,15/20,4800,480000,95.79789733886719,1817.9909546375275,68.87892644107342,158.83463517203927,0.0
4/20,16/20,4850,485000,95.80311918258667,1802.192799448967,68.24400347843766,173.2902470678091,0.0
4/20,17/20,4900,490000,99.23498582839966,1791.588667690754,68.16111763566732,174.0724545530975,0.0
4/20,18/20,4950,495000,98.53778553009033,1820.4276286959648,67.87181199342012,174.82003350928426,0.0
4/20,19/20,5000,500000,98.58215475082397,1805.1567089557648,67.10551523789763,160.28484380990267,0.0
5/20,0/20,5050,505000,96.72067022323608,1787.193104982376,66.96474703773856,176.33569748699665,0.0
5/20,1/20,5100,510000,96.69137334823608,1768.8776094913483,68.25177647918463,167.3176097087562,0.0
5/20,2/20,5150,515000,96.01107406616211,1780.2388697266579,65.71656407415867,169.85857176035643,0.0
5/20,3/20,5200,520000,95.86478471755981,1786.3340272903442,65.84207098558545,166.1469053402543,0.0
5/20,4/20,5250,525000,98.4190285205841,1794.5207681655884,67.06098493933678,177.17289566621184,0.0
5/20,5/20,5300,530000,99.64848613739014,1782.9946203827858,65.47615439072251,179.84371158853173,0.0
5/20,6/20,5350,535000,96.4755470752716,1784.6324407458305,66.73502657935023,187.07296246662736,0.0
5/20,7/20,5400,540000,99.58609676361084,1795.6038684248924,66.26905519142747,175.20466782525182,0.0
5/20,8/20,5450,545000,102.50589752197266,1784.905793607235,65.67859120294452,181.95926653966308,0.0
5/20,9/20,5500,550000,101.9898533821106,1788.8199471831322,66.22752788290381,168.9554500207305,0.0
5/20,10/20,5550,555000,96.80648732185364,1786.5900735855103,65.09312583878636,181.7834529839456,0.0
5/20,11/20,5600,560000,100.4912760257721,1765.2855010032654,66.06182851269841,173.27180302143097,0.0
5/20,12/20,5650,565000,98.13739728927612,1787.4566161036491,66.24630459025502,162.77079482376575,0.0
5/20,13/20,5700,570000,99.63528776168823,1800.6262989640236,65.51327291503549,178.68423148989677,0.0
5/20,14/20,5750,575000,96.92990374565125,1789.3499474525452,65.7066691853106,166.07844420149922,0.0
5/20,15/20,5800,580000,95.58418250083923,1795.9413338303566,65.901869520545,161.45824767276645,0.0
5/20,16/20,5850,585000,94.91548156738281,1772.922919690609,65.9942933768034,172.800568446517,0.0
5/20,17/20,5900,590000,98.37210202217102,1819.117700099945,66.74158795922995,174.7123040407896,0.0
5/20,18/20,5950,595000,103.26424646377563,1781.6015901565552,65.51882108300924,156.2296744249761,0.0
5/20,19/20,6000,600000,99.93968367576599,1781.3533219099045,65.61962042748928,168.93885134533048,0.0
6/20,0/20,6050,605000,95.16603207588196,1817.9363696575165,65.55804501846433,168.3550764322281,0.0
6/20,1/20,6100,610000,100.83326959609985,1797.3367879390717,64.66619759425521,171.4486014507711,0.0
6/20,2/20,6150,615000,101.33714485168457,1803.5878270864487,65.10324074327946,174.94068668037653,0.0
6/20,3/20,6200,620000,99.53327894210815,1814.9957238435745,63.12102772295475,164.5304186977446,0.0
6/20,4/20,6250,625000,100.92781090736389,1828.555855333805,64.16619355976582,177.08014502748847,0.0
6/20,5/20,6300,630000,100.13777160644531,1826.4696150422096,63.75147829949856,161.25239524245262,0.0
6/20,6/20,6350,635000,97.64409136772156,1843.220329463482,64.06873800233006,175.4260455146432,0.0
6/20,7/20,6400,640000,98.77815771102905,1845.1981101036072,65.11768459156156,191.8482748605311,0.0
6/20,8/20,6450,645000,98.1992015838623,1860.2240117192268,62.91924133896828,177.01641339436173,0.0
6/20,9/20,6500,650000,97.17142581939697,1873.3458583950996,65.43270744755864,186.13511841744184,0.0
6/20,10/20,6550,655000,99.4863657951355,1860.5422953367233,64.0510706268251,182.91407446190715,0.0
6/20,11/20,6600,660000,97.92985248565674,1854.797206044197,64.48741829395294,182.81141041219234,0.0
6/20,12/20,6650,665000,97.79666113853455,1852.1499572396278,63.675338584929705,164.21607069671154,0.0
6/20,13/20,6700,670000,13935.68492102623,1845.940653026104,63.48032823204994,172.43896989151835,0.0
6/20,14/20,6750,675000,33717.29577231407,1863.0032908320427,64.99564449116588,193.83082182332873,0.0
6/20,15/20,6800,680000,95.04316020011902,1834.8015075325966,64.91830964386463,179.11128663271666,0.0
6/20,16/20,6850,685000,99.28722882270813,1836.0720474720001,64.85835961997509,172.32012901455164,0.0
6/20,17/20,6900,690000,102.81060767173767,1833.5347236394882,65.18332885950804,166.4463162496686,0.0
6/20,18/20,6950,695000,96.12775182723999,1821.9405765533447,64.69460077211261,168.45108882710338,0.0
6/20,19/20,7000,700000,96.61044383049011,1823.448008298874,62.93400355428457,170.73247603327036,0.0
7/20,0/20,7050,705000,94.47611093521118,1823.7818479537964,63.886059422045946,166.09650652110577,0.0
7/20,1/20,7100,710000,98.94069600105286,1835.5167921185493,63.18922370672226,175.57660018652678,0.0
7/20,2/20,7150,715000,95.26232767105103,1842.5592421889305,63.39897104725242,181.1668938882649,0.0
7/20,3/20,7200,720000,98.61525583267212,1830.2986099720001,63.01779751479626,157.15904841572046,0.0
7/20,4/20,7250,725000,97.63234758377075,1844.3600652217865,63.51410061493516,190.15070428699255,0.0
7/20,5/20,7300,730000,99.3576385974884,1851.740123450756,64.78260725736618,173.93550093099475,0.0
7/20,6/20,7350,735000,56453.55432796478,1846.9546467065811,65.79888457804918,175.17119896411896,0.0
7/20,7/20,7400,740000,88.25127673149109,1835.8479449748993,66.0408748909831,165.8431601114571,0.0
7/20,8/20,7450,745000,85.85062527656555,1796.8391053676605,65.46417047083378,167.90893851593137,0.0
7/20,9/20,7500,750000,87.59946370124817,1785.3495250940323,65.4057531915605,160.43580769374967,0.0
7/20,10/20,7550,755000,90.10975170135498,1750.2479972839355,65.22343171387911,154.71632786095142,0.0
7/20,11/20,7600,760000,85.65594005584717,1736.151185810566,63.07499769330025,152.82008065283298,0.0
7/20,12/20,7650,765000,88.94184565544128,1746.3466232419014,62.272514533251524,159.5385649241507,0.0
7/20,13/20,7700,770000,90.3991482257843,1737.2550447583199,62.55000898614526,162.2738018091768,0.0
7/20,14/20,7750,775000,88.62959456443787,1734.7217358350754,62.44469825178385,152.76339922472835,0.0
7/20,15/20,7800,780000,86.10779571533203,1750.2032591104507,61.93980484828353,154.49864875897765,0.0
7/20,16/20,7850,785000,87.7967689037323,1766.1598880290985,60.71125761419535,166.1945911422372,0.0
7/20,17/20,7900,790000,85.06698989868164,1763.9732933044434,60.84045235440135,161.10360780730844,0.0
7/20,18/20,7950,795000,87.0593855381012,1766.00720256567,62.49205055087805,169.69373724237084,0.0
7/20,19/20,8000,800000,87.8736822605133,1757.0847212076187,62.97980725765228,175.2005183286965,0.0
8/20,0/20,8050,805000,86.0919816493988,1750.7839661240578,62.54913892224431,170.492066308856,0.0
8/20,1/20,8100,810000,85.63163781166077,1753.2097018957138,62.1739283837378,162.45470560714602,0.0
8/20,2/20,8150,815000,85.9181547164917,1745.731115758419,61.71968694590032,159.9276270084083,0.0
8/20,3/20,8200,820000,89.03466248512268,1755.6762837171555,60.59248844534159,155.99936759844422,0.0
8/20,4/20,8250,825000,87.82216000556946,1740.9987301826477,61.97975527122617,170.5230159573257,0.0
8/20,5/20,8300,830000,87.35680675506592,1745.814326107502,63.40160625427961,154.62686067074537,0.0
8/20,6/20,8350,835000,88.60544776916504,1727.7243649959564,63.227328792214394,174.03304029628634,0.0
8/20,7/20,8400,840000,84.11883616447449,1739.1704203486443,60.924879893660545,155.09743577986956,0.0
8/20,8/20,8450,845000,86.85734343528748,1726.4328714609146,62.02243695035577,154.25895618274808,0.0
8/20,9/20,8500,850000,87.00909972190857,1724.4913423657417,62.14679420366883,160.62635864317417,0.0
8/20,10/20,8550,855000,87.7221028804779,1726.6190742254257,61.286525305360556,162.12864174693823,0.0
8/20,11/20,8600,860000,88.4871826171875,1726.1900368332863,62.30090596154332,158.45023277029395,0.0
8/20,12/20,8650,865000,87.32740569114685,1720.7975395917892,62.64640644565225,162.7163841277361,0.0
8/20,13/20,8700,870000,87.31040334701538,1745.0318425893784,62.627819303423166,161.5953096114099,0.0
8/20,14/20,8750,875000,87.66966414451599,1708.0144183635712,61.876205775886774,154.11699073761702,0.0
8/20,15/20,8800,880000,85.53116226196289,1707.395033955574,60.500492721796036,157.68320573493838,0.0
8/20,16/20,8850,885000,87.39377689361572,1724.1314727663994,62.52849788963795,155.90843357145786,0.0
8/20,17/20,8900,890000,87.78227019309998,1725.6643028259277,61.681086510419846,157.20933221280575,0.0
8/20,18/20,8950,895000,86.76118350028992,1723.155672132969,61.14078740403056,158.59671204909682,0.0
8/20,19/20,9000,900000,87.99425292015076,1737.5239874720573,60.84036763012409,159.4082994349301,0.0
9/20,0/20,9050,905000,87.47223401069641,1757.1189381480217,61.307103015482426,157.5035280920565,0.0
9/20,1/20,9100,910000,84.48882150650024,1755.6989493370056,62.097138576209545,168.224876858294,0.0
9/20,2/20,9150,915000,87.34200429916382,1781.606860935688,61.0533956810832,160.74112402275205,0.0
9/20,3/20,9200,920000,86.05307579040527,1773.9941773414612,59.434557378292084,174.60481376200914,0.0
9/20,4/20,9250,925000,88.39341473579407,1760.0853855013847,60.39963519945741,166.03011059388518,0.0
9/20,5/20,9300,930000,86.73624682426453,1771.1600266695023,61.1973024122417,177.1945089623332,0.0
9/20,6/20,9350,935000,83.47559809684753,1765.4190638065338,61.72874262556434,168.05074077099562,0.0
9/20,7/20,9400,940000,88.19200396537781,1773.8879261016846,61.99191780388355,170.75970400124788,0.0
9/20,8/20,9450,945000,84.0122058391571,1729.5409926772118,62.39185585454106,164.78301272913814,0.0
9/20,9/20,9500,950000,86.74541282653809,1740.3836662769318,60.8047952465713,160.1185480169952,0.0
9/20,10/20,9550,955000,87.62535238265991,1731.0881910324097,61.060461297631264,172.25869464501739,0.0
9/20,11/20,9600,960000,88.17613887786865,1753.4826138019562,60.558678805828094,175.56108840554953,0.0
9/20,12/20,9650,965000,86.28316116333008,1738.6243824958801,60.75524542480707,163.04115798696876,0.0
9/20,13/20,9700,970000,88.27371978759766,1734.9586525559425,61.20289055630565,170.17371018230915,0.0
9/20,14/20,9750,975000,88.85447812080383,1745.5652967095375,60.53804083541036,167.12539236992598,0.0
9/20,15/20,9800,980000,86.67017412185669,1745.9571839571,60.72936286777258,165.83941876888275,0.0
9/20,16/20,9850,985000,85.86915922164917,1782.9292050004005,60.52172675728798,164.4456453025341,0.0
9/20,17/20,9900,990000,87.67263388633728,1782.652197778225,61.43248449638486,170.823192037642,0.0
9/20,18/20,9950,995000,85.80784726142883,1776.725716650486,60.808833692222834,171.332807444036,0.0
9/20,19/20,10000,1000000,87.60289001464844,1798.0417484045029,61.637078396975994,169.22905280813575,0.0
10/20,0/20,10050,1005000,88.19579863548279,1777.648577272892,60.8912305124104,157.6118897907436,0.0
10/20,1/20,10100,1010000,88.33349323272705,1740.802198946476,61.78192897886038,169.76307066902518,0.0
10/20,2/20,10150,1015000,88.56970381736755,1751.9848306179047,61.2973180860281,169.29464336112142,0.0
10/20,3/20,10200,1020000,89.10185694694519,1752.238131761551,60.64268258586526,162.3701156489551,0.0
10/20,4/20,10250,1025000,88.020836353302,1742.4983530044556,59.68892911076546,153.9363364968449,0.0
10/20,5/20,10300,1030000,87.68476414680481,1739.0970581769943,59.919570572674274,165.00412120111287,0.0
10/20,6/20,10350,1035000,88.94772553443909,1749.7961330413818,60.30438733100891,163.13761468604207,0.0
10/20,7/20,10400,1040000,85.85384607315063,1731.472507238388,60.12823571637273,180.20203571766615,0.0
10/20,8/20,10450,1045000,85.67738771438599,1753.895188510418,59.576557505875826,163.60203519836068,0.0
10/20,9/20,10500,1050000,87.10239267349243,1740.6866522431374,58.927390452474356,158.49514025822282,0.0
10/20,10/20,10550,1055000,88.27969288825989,1727.34176582098,59.88366438820958,157.55190723016858,0.0
10/20,11/20,10600,1060000,88.66962337493896,1727.5661150813103,58.51734572276473,139.89130026847124,0.0
10/20,12/20,10650,1065000,87.5478310585022,1753.0747326612473,60.37872587889433,166.43009876646101,0.0
10/20,13/20,10700,1070000,87.07752633094788,1726.799149632454,60.92480589821935,160.2374366298318,0.0
10/20,14/20,10750,1075000,89.08924674987793,1700.7868874073029,60.30994910746813,159.46041952446103,0.0
10/20,15/20,10800,1080000,88.37201476097107,1711.225380539894,59.86835316568613,163.9714689962566,0.0
10/20,16/20,10850,1085000,89.20572757720947,1704.1795256137848,60.01484655961394,156.54470307007432,0.0
10/20,17/20,10900,1090000,90.31438946723938,1693.5469986200333,58.89888737350702,152.10537848994136,0.0
10/20,18/20,10950,1095000,90.24851083755493,1703.0287766456604,58.902714505791664,151.1877293623984,0.0
10/20,19/20,11000,1100000,88.77427792549133,1702.1645832657814,59.372302286326885,150.47293331101537,0.0
11/20,0/20,11050,1105000,88.86370825767517,1701.7404535412788,59.12415796145797,157.11478956788778,0.0
11/20,1/20,11100,1110000,88.68364572525024,1684.742904305458,59.314485013484955,154.96460618451238,0.0
11/20,2/20,11150,1115000,86.66444420814514,1718.54030418396,58.452477641403675,151.02386574074626,0.0
11/20,3/20,11200,1120000,88.58826446533203,1708.6589033603668,58.57796237617731,155.63879684731364,0.0
11/20,4/20,11250,1125000,88.77140736579895,1721.228451013565,58.051104582846165,152.9986577667296,0.0
11/20,5/20,11300,1130000,89.15863704681396,1720.465097606182,56.999562956392765,162.27953584119678,0.0
11/20,6/20,11350,1135000,85.65323519706726,1706.4611150026321,58.215561311692,152.50631995126605,0.0
11/20,7/20,11400,1140000,87.6098473072052,1719.7398493289948,56.95333780348301,159.91301868110895,0.0
11/20,8/20,11450,1145000,84.162180185318,1748.5941581726074,57.439588230103254,158.34916799515486,0.0
11/20,9/20,11500,1150000,88.60498094558716,1750.1624747514725,57.928802989423275,162.35266811400652,0.0
11/20,10/20,11550,1155000,89.76854348182678,1735.348262667656,58.960334867239,159.05470624938607,0.0
11/20,11/20,11600,1160000,89.98307919502258,1721.0947071909904,58.991005159914494,158.50967267155647,0.0
11/20,12/20,11650,1165000,86.1194441318512,1704.4913365840912,58.26662415638566,149.11010584793985,0.0
11/20,13/20,11700,1170000,86.9707522392273,1706.3073375225067,57.59760972112417,151.60888667404652,0.0
11/20,14/20,11750,1175000,88.66143298149109,1705.6578644514084,58.17712436243892,156.2730963975191,0.0
11/20,15/20,11800,1180000,86.40605449676514,1694.777116715908,56.674870025366545,157.05736204236746,0.0
11/20,16/20,11850,1185000,88.12127947807312,1713.5540180802345,56.5318598523736,161.39222846366465,0.0
11/20,17/20,11900,1190000,89.35566997528076,1723.494792163372,56.28603903949261,168.7595291789621,0.0
11/20,18/20,11950,1195000,89.01467299461365,1705.722644507885,57.45316951721907,152.39622436463833,0.0
11/20,19/20,12000,1200000,84.15928173065186,1707.6102073192596,58.38466738909483,167.027730923146,0.0
12/20,0/20,12050,1205000,90.00756454467773,1681.6510753631592,55.386181481182575,147.26775841228664,0.0
12/20,1/20,12100,1210000,88.19760060310364,1674.3579434752464,56.830789249390364,157.16178242862225,0.0
12/20,2/20,12150,1215000,85.67839241027832,1667.2066906690598,56.2589654289186,151.5085163190961,0.0
12/20,3/20,12200,1220000,88.01694464683533,1677.127969622612,56.714375983923674,161.1562102548778,0.0
12/20,4/20,12250,1225000,88.8563404083252,1670.2623437643051,56.81372803077102,159.0322202667594,0.0
12/20,5/20,12300,1230000,86.21070456504822,1688.4951142072678,56.790504951030016,167.96882573887706,0.0
12/20,6/20,12350,1235000,86.95857262611389,1665.226508975029,56.59392628446221,169.87632294371724,0.0
12/20,7/20,12400,1240000,87.70391321182251,1675.2718904018402,55.470600839704275,146.68425074964762,0.0
12/20,8/20,12450,1245000,87.18727254867554,1698.5045081973076,57.92913452535868,153.52089556120336,0.0
12/20,9/20,12500,1250000,87.91800236701965,1673.5698531866074,56.83508325368166,160.272837722674,0.0
12/20,10/20,12550,1255000,88.67651009559631,1670.9664608836174,56.297550819814205,149.2639336436987,0.0
12/20,11/20,12600,1260000,87.26699662208557,1700.1696807742119,57.726808888837695,173.9424376487732,0.0
12/20,12/20,12650,1265000,87.68435502052307,1659.6310395002365,57.0704336874187,145.3508224375546,0.0
12/20,13/20,12700,1270000,85.2659375667572,1692.0983100533485,57.70389198511839,158.17020672559738,0.0
12/20,14/20,12750,1275000,86.57592344284058,1701.1229954957962,58.36121663078666,161.30007007345557,0.0
12/20,15/20,12800,1280000,83.83472633361816,1704.5491378307343,57.68050441890955,163.01051789149642,0.0
12/20,16/20,12850,1285000,84.1199631690979,1694.6537358164787,58.407827496528625,152.2868853546679,0.0
12/20,17/20,12900,1290000,79.70603704452515,1658.5592511296272,59.604604192078114,155.85806272551417,0.0
12/20,18/20,12950,1295000,79.56454658508301,1606.5209775567055,64.11245921254158,172.74881324917078,0.0
12/20,19/20,13000,1300000,82.1221137046814,1554.3694143295288,65.00322519615293,151.47840355709195,0.0
13/20,0/20,13050,1305000,85.51859021186829,1544.5544166564941,62.09229252114892,157.69416492059827,0.0
13/20,1/20,13100,1310000,88.50441884994507,1543.7595058083534,58.259244710206985,145.05811078101397,0.0
13/20,2/20,13150,1315000,87.78065943717957,1537.599808394909,56.26151402667165,142.13373690098524,0.0
13/20,3/20,13200,1320000,88.32164883613586,1547.9099068045616,57.37958196550608,145.96907172352076,0.0
13/20,4/20,13250,1325000,86.58716821670532,1544.5166106820107,57.230376210063696,134.8384067825973,0.0
13/20,5/20,13300,1330000,90.06115913391113,1539.1302564144135,55.98130435310304,138.11437677964568,0.0
13/20,6/20,13350,1335000,88.86457967758179,1535.9186614751816,57.541857406497,136.616933029145,0.0
13/20,7/20,13400,1340000,88.25012969970703,1541.4373797178268,57.26476011425257,138.10080497339368,0.0
13/20,8/20,13450,1345000,88.53111290931702,1548.6259801387787,56.55982347019017,133.9142761938274,0.0
13/20,9/20,13500,1350000,84.94951796531677,1549.8514941334724,56.21901771426201,132.60158035345376,0.0
13/20,10/20,13550,1355000,86.37129426002502,1564.2297406196594,56.607894480228424,137.40342198312283,0.0
13/20,11/20,13600,1360000,87.61412930488586,1574.6719864606857,55.85258496180177,135.16373627260327,0.0
13/20,12/20,13650,1365000,85.84033679962158,1570.2677636742592,56.286399664357305,137.66122145205736,0.0
13/20,13/20,13700,1370000,85.79639911651611,1567.2566900253296,54.490796841681004,137.82400727830827,0.0
13/20,14/20,13750,1375000,82.27452945709229,1599.4666680693626,54.38772314786911,131.2965992204845,0.0
13/20,15/20,13800,1380000,85.4165563583374,1590.7508489489555,55.717578984797,134.87158799171448,0.0
13/20,16/20,13850,1385000,84.53601837158203,1594.765976369381,54.67533753812313,133.69078514538705,0.0
13/20,17/20,13900,1390000,84.67458081245422,1626.1211802959442,54.56487214192748,141.19777259230614,0.0
13/20,18/20,13950,1395000,85.26936459541321,1623.0689167380333,54.24193301796913,137.80448500812054,0.0
13/20,19/20,14000,1400000,86.80901908874512,1608.3333015441895,55.999859768897295,139.13913012854755,0.0
14/20,0/20,14050,1405000,85.25613522529602,1628.5088770985603,55.23198826238513,138.37159521505237,0.0
14/20,1/20,14100,1410000,84.38537335395813,1643.9839960336685,54.81735118664801,140.17056876420975,0.0
14/20,2/20,14150,1415000,85.60231494903564,1642.9601786136627,54.43244615755975,137.35464495047927,0.0
14/20,3/20,14200,1420000,86.05777597427368,1624.2887445092201,54.38342634961009,156.20553471148014,0.0
14/20,4/20,14250,1425000,89.26149940490723,1632.678669154644,55.35144080966711,132.25378404185176,0.0
14/20,5/20,14300,1430000,84.68450832366943,1623.9943904280663,54.49050944298506,128.02243929728866,0.0
14/20,6/20,14350,1435000,86.47179532051086,1636.4134668111801,53.896145075559616,137.963116183877,0.0
14/20,7/20,14400,1440000,85.38932037353516,1628.787042915821,53.819520987570286,133.17165822535753,0.0
14/20,8/20,14450,1445000,85.97366046905518,1647.5034273266792,54.34043529257178,139.12744642794132,0.0
14/20,9/20,14500,1450000,88.21264219284058,1668.9325850009918,53.888314586132765,135.4417949616909,0.0
14/20,10/20,14550,1455000,88.50320959091187,1654.8752693533897,54.158427592366934,136.07124622538686,0.0
14/20,11/20,14600,1460000,86.68629312515259,1654.2447837591171,54.37798938155174,129.26615532115102,0.0
14/20,12/20,14650,1465000,87.24300813674927,1664.521820783615,55.0992693901062,141.8550556488335,0.0
14/20,13/20,14700,1470000,88.61115026473999,1651.0765309333801,55.60662677139044,134.10680002905428,0.0
14/20,14/20,14750,1475000,88.77205777168274,1641.3735238909721,55.084934210404754,136.70260796695948,0.0
14/20,15/20,14800,1480000,87.5086681842804,1639.1357379555702,55.66594957560301,131.49305487796664,0.0
14/20,16/20,14850,1485000,84.51951265335083,1659.8939819931984,55.574442807585,141.18389568850398,0.0
14/20,17/20,14900,1490000,85.3544373512268,1619.3467161655426,54.61107478663325,144.49593129381537,0.0
14/20,18/20,14950,1495000,86.03366351127625,1616.3554458022118,54.00420718640089,131.25422539375722,0.0
14/20,19/20,15000,1500000,86.93355226516724,1630.7818852066994,55.04316133633256,139.71017800457776,0.0
15/20,0/20,15050,1505000,87.27133178710938,1631.1010989546776,55.772522415965796,131.9368166103959,0.0
15/20,1/20,15100,1510000,89.53479409217834,1595.1433708667755,55.56109365820885,128.82475650310516,0.0
15/20,2/20,15150,1515000,85.23102855682373,1645.7277964949608,54.50053885579109,128.66645742580295,0.0
15/20,3/20,15200,1520000,86.7179000377655,1646.5630933642387,54.9130608830601,145.04667199030519,0.0
15/20,4/20,15250,1525000,87.67157769203186,1657.687080025673,54.45609139278531,146.62202237918973,0.0
15/20,5/20,15300,1530000,85.78206467628479,1661.156034052372,54.33494242280722,130.87788986042142,0.0
15/20,6/20,15350,1535000,83.41382813453674,1641.346501648426,54.54080135002732,152.887825621292,0.0
15/20,7/20,15400,1540000,84.78064250946045,1650.2686411738396,54.813421500846744,139.2110369168222,0.0
15/20,8/20,15450,1545000,88.46445679664612,1625.3958405852318,54.858940944075584,148.61439302563667,0.0
15/20,9/20,15500,1550000,84.5623300075531,1631.0349078774452,54.035842802375555,130.12624294683337,0.0
15/20,10/20,15550,1555000,88.22533249855042,1651.7581140995026,53.88413858041167,148.3778235502541,0.0
15/20,11/20,15600,1560000,87.56058478355408,1651.8435133099556,54.36427804082632,136.28340607136488,0.0
15/20,12/20,15650,1565000,85.72179818153381,1637.7163849473,55.03832698613405,143.46583002246916,0.0
15/20,13/20,15700,1570000,88.07003664970398,1626.649076640606,55.157917611300945,129.1154075115919,0.0
15/20,14/20,15750,1575000,89.15556621551514,1618.2960280776024,57.433430479839444,133.35003449767828,0.0
15/20,15/20,15800,1580000,89.43710374832153,1651.412548482418,56.24688443541527,124.7520444020629,0.0
15/20,16/20,15850,1585000,88.57466197013855,1644.7846140861511,55.69242660328746,136.36063276976347,0.0
15/20,17/20,15900,1590000,89.44822931289673,1636.871852338314,55.21513072773814,126.6940512880683,0.0
15/20,18/20,15950,1595000,85.7405755519867,1644.2313713431358,55.84762196056545,129.29826624505222,0.0
15/20,19/20,16000,1600000,85.0799081325531,1632.3896635174751,55.25918862968683,132.31191962584853,0.0
16/20,0/20,16050,1605000,88.72595071792603,1607.0958253145218,54.11314021795988,124.13759004324675,0.0
16/20,1/20,16100,1610000,87.14691710472107,1611.0439960956573,55.08064152300358,133.01916880905628,0.0
16/20,2/20,16150,1615000,84.57482600212097,1618.127973496914,54.64914924651384,131.8304853886366,0.0
16/20,3/20,16200,1620000,87.09949064254761,1600.9754662513733,55.72549219056964,140.07523567974567,0.0
16/20,4/20,16250,1625000,88.74242663383484,1611.1011055707932,55.266509087756276,126.37088146433234,0.0
16/20,5/20,16300,1630000,86.84146976470947,1581.8614943027496,54.82210673764348,122.57705267705023,0.0
16/20,6/20,16350,1635000,90.06704020500183,1573.5987105369568,55.98200104944408,118.69884620048106,0.0
16/20,7/20,16400,1640000,90.24701118469238,1588.9098643660545,55.38696154952049,129.96148429065943,0.0
16/20,8/20,16450,1645000,85.75805401802063,1569.0846757292747,55.22871819511056,120.12993658334017,0.0
16/20,9/20,16500,1650000,89.05104446411133,1557.338570356369,54.264113415032625,117.37978705391288,0.0
16/20,10/20,16550,1655000,82.1520631313324,1569.7267916798592,55.181078530848026,136.39907531440258,0.0
16/20,11/20,16600,1660000,87.13894462585449,1585.7202948331833,54.912047404795885,131.44213448092341,0.0
16/20,12/20,16650,1665000,82.60432052612305,1571.275954425335,54.41441763006151,134.2244128510356,0.0
16/20,13/20,16700,1670000,87.81658864021301,1570.5386842489243,53.977158170193434,121.99664968065917,0.0
16/20,14/20,16750,1675000,87.31823420524597,1572.9885112643242,54.42754893004894,126.8413464576006,0.0
16/20,15/20,16800,1680000,86.16423773765564,1582.3656792640686,54.062265736982226,124.76694761775434,0.0
16/20,16/20,16850,1685000,87.93519830703735,1568.1808483600616,54.458044178783894,134.4608795326203,0.0
16/20,17/20,16900,1690000,90.85593843460083,1583.4513132572174,54.725046906620264,118.51043090224266,0.0
16/20,18/20,16950,1695000,86.08373594284058,1570.6205473542213,54.88755230605602,119.40080892667174,0.0
16/20,19/20,17000,1700000,89.78037977218628,1584.9295087456703,55.99859328940511,117.90445806458592,0.0
17/20,0/20,17050,1705000,85.5448043346405,1576.8614116311073,54.83462576568127,114.32172599993646,0.0
17/20,1/20,17100,1710000,88.30590319633484,1569.5390591025352,54.77190953493118,117.80926763266325,0.0
17/20,2/20,17150,1715000,88.51693487167358,1587.368306338787,54.38620448112488,126.74811949394643,0.0
17/20,3/20,17200,1720000,88.3648841381073,1578.813878595829,54.2380396053195,115.34380319714546,0.0
17/20,4/20,17250,1725000,84.3054735660553,1587.3469873666763,54.32276091910899,114.92089257016778,0.0
17/20,5/20,17300,1730000,83.2448377609253,1552.624810576439,54.309790808707476,118.49117782898247,0.0
17/20,6/20,17350,1735000,90.03847908973694,1579.7472561001778,54.74207033962011,122.83529046922922,0.0
17/20,7/20,17400,1740000,85.98000311851501,1578.8509471416473,54.15763667970896,125.30624915473163,0.0
17/20,8/20,17450,1745000,88.83007216453552,1571.9524638056755,54.13522820174694,123.74253147095442,0.0
17/20,9/20,17500,1750000,85.4914927482605,1599.2205846905708,53.93763767555356,125.24492663145065,0.0
17/20,10/20,17550,1755000,83.9622130393982,1592.8203802108765,54.536255210638046,132.94835674017668,0.0
17/20,11/20,17600,1760000,86.14283776283264,1611.5550466179848,53.85149538703263,139.0834369622171,0.0
17/20,12/20,17650,1765000,85.73299860954285,1617.087051808834,54.14756269566715,122.10731783509254,0.0
17/20,13/20,17700,1770000,86.1862120628357,1610.8144595623016,53.98877136781812,127.11798751167953,0.0
17/20,14/20,17750,1775000,86.28548645973206,1604.5062808394432,54.4076926484704,129.41690956428647,0.0
17/20,15/20,17800,1780000,84.46326327323914,1586.1574141979218,54.14554956369102,113.7678149137646,0.0
17/20,16/20,17850,1785000,85.15676164627075,1606.2597175836563,54.6047129034996,124.66856457851827,0.0
17/20,17/20,17900,1790000,84.71612477302551,1614.0150923728943,54.41293214261532,129.2808647658676,0.0
17/20,18/20,17950,1795000,86.66431522369385,1622.73192602396,54.4533379226923,125.24310070089996,0.0
17/20,19/20,18000,1800000,84.19896697998047,1617.839174747467,53.67818335443735,129.59838434681296,0.0
18/20,0/20,18050,1805000,83.55441379547119,1624.2521950602531,54.461454808712006,124.56528528407216,0.0
18/20,1/20,18100,1810000,86.63612914085388,1624.3946502804756,55.25892922282219,121.4802501630038,0.0
18/20,2/20,18150,1815000,83.03385066986084,1617.0911036133766,54.70348451286554,132.79874461703002,0.0
18/20,3/20,18200,1820000,84.77029919624329,1621.300459265709,54.0463918056339,127.46874344348907,0.0
18/20,4/20,18250,1825000,83.14267921447754,1628.7435939908028,54.66201409883797,133.68630592152476,0.0
18/20,5/20,18300,1830000,84.10664319992065,1627.1948820352554,55.29188222438097,121.13652954623103,0.0
18/20,6/20,18350,1835000,83.45090651512146,1599.5371701419353,55.259422259405255,130.48905666917562,0.0
18/20,7/20,18400,1840000,82.7012300491333,1607.4631294608116,56.20454228669405,130.9519633948803,0.0
18/20,8/20,18450,1845000,80.57529735565186,1576.8790822029114,59.76256764680147,129.49696558527648,0.0
18/20,9/20,18500,1850000,79.40054631233215,1539.3946822881699,61.10841628909111,131.71394618973136,0.0
18/20,10/20,18550,1855000,78.49157857894897,1465.0075414776802,61.58874927088618,124.96016569621861,0.0
18/20,11/20,18600,1860000,80.84976172447205,1385.456209897995,60.04911860823631,132.62290396168828,0.0
18/20,12/20,18650,1865000,80.71911001205444,1334.5921664834023,58.94166148081422,112.64962314814329,0.0
18/20,13/20,18700,1870000,86.5732262134552,1305.0852086544037,55.462671453133225,110.41502697952092,0.0
18/20,14/20,18750,1875000,88.02322220802307,1318.1050590276718,54.13728093728423,104.86830759979784,0.0
18/20,15/20,18800,1880000,83.84121108055115,1333.2247867584229,53.23485648818314,103.81849844753742,0.0
18/20,16/20,18850,1885000,90.44186305999756,1358.840011358261,53.769820764660835,108.1990165244788,0.0
18/20,17/20,18900,1890000,88.90792846679688,1347.9410907626152,52.31493512913585,107.35746025294065,0.0
18/20,18/20,18950,1895000,85.51306343078613,1386.7590432167053,52.74075463414192,109.81934441812336,0.0
18/20,19/20,19000,1900000,86.55850982666016,1401.9009704589844,52.575449004769325,107.84961955063045,0.0
19/20,0/20,19050,1905000,84.19638013839722,1420.0740549564362,52.998586017638445,104.538794092834,0.0
19/20,1/20,19100,1910000,87.63812351226807,1427.880177795887,52.86334461346269,111.09206129796803,0.0
19/20,2/20,19150,1915000,84.67360401153564,1430.2166887521744,53.189872831106186,111.47783295810223,0.0
19/20,3/20,19200,1920000,84.11122226715088,1454.789438188076,53.33675552159548,114.38949248753488,0.0
19/20,4/20,19250,1925000,81.51127982139587,1462.22414457798,52.933658082038164,111.58868895284832,0.0
19/20,5/20,19300,1930000,87.52668738365173,1472.006042420864,52.4244483076036,115.387037826702,0.0
19/20,6/20,19350,1935000,83.65598845481873,1495.5269394516945,52.382264433428645,114.95253353193402,0.0
19/20,7/20,19400,1940000,84.84835505485535,1481.0565633773804,52.87868679314852,112.81795043312013,0.0
19/20,8/20,19450,1945000,87.2258973121643,1484.7129957079887,52.572475323453546,111.71304139494896,0.0
19/20,9/20,19500,1950000,85.47883033752441,1478.840893149376,52.52922319248319,111.04672229848802,0.0
19/20,10/20,19550,1955000,85.16945195198059,1504.6084915399551,52.25024592876434,115.6859202645719,0.0
19/20,11/20,19600,1960000,83.50591135025024,1504.0350558757782,53.36151863075793,111.56060656905174,0.0
19/20,12/20,19650,1965000,84.59260034561157,1516.3220708370209,52.94572253152728,108.71750887483358,0.0
19/20,13/20,19700,1970000,88.64400839805603,1505.615693807602,53.12626298516989,118.07824936136603,0.0
19/20,14/20,19750,1975000,87.57864260673523,1532.9833140969276,52.50071056932211,114.03648612461984,0.0
19/20,15/20,19800,1980000,84.67130303382874,1520.0916296243668,51.95055695436895,114.95464669726789,0.0
19/20,16/20,19850,1985000,86.06618237495422,1533.759741961956,53.358847215771675,124.95266130380332,0.0
19/20,17/20,19900,1990000,87.0116491317749,1534.7584493756294,53.82023909687996,117.87456122227013,0.0
19/20,18/20,19950,1995000,84.49255752563477,1549.8627513051033,53.66187650710344,121.82675802707672,0.0
19/20,19/20,20000,2000000,84.04113149642944,1543.3997423648834,53.88439926877618,123.61660791374743,0.0
