Epoch,Cycle,Episodes,Timesteps,TimeCost(sec),Pi_q_loss,Q_loss,Pi_l2_loss,Success
0/30,0/20,50,5000,33.68919062614441,,,,0.0
0/30,1/20,100,10000,152.10231828689575,7.250404737889767,3.3749996572732925,0.2994095734320581,0.0
0/30,2/20,150,15000,175.1516308784485,627.6944064795971,23.047421381808817,3.497092282399535,0.0
0/30,3/20,200,20000,179.11606168746948,1104.6862360835075,20.594757681712508,11.682576249353588,0.0
0/30,4/20,250,25000,179.64286518096924,1468.9593051671982,37.43959957920015,28.20033012609929,0.0
0/30,5/20,300,30000,179.91476941108704,1794.567792057991,59.71448011416942,36.267577739432454,0.0
0/30,6/20,350,35000,177.73182034492493,2147.719678401947,73.15856198780239,41.438429087400436,0.0
0/30,7/20,400,40000,181.24876499176025,2412.960950732231,94.54940055124462,44.394976533949375,0.0
0/30,8/20,450,45000,183.88195633888245,2705.638767004013,107.25823771581054,44.86743027344346,0.0
0/30,9/20,500,50000,184.02241492271423,2952.0677144527435,135.21376626193523,50.05030499957502,0.0
0/30,10/20,550,55000,181.34214878082275,3186.743447780609,140.72822818532586,55.01546773687005,0.0
0/30,11/20,600,60000,181.63603591918945,3364.598701953888,169.70880318433046,59.785846173763275,0.0
0/30,12/20,650,65000,182.2144055366516,3544.718114733696,200.74104909971356,64.67063494771719,0.0
0/30,13/20,700,70000,184.00746726989746,3724.12575507164,240.98212871700525,70.98246859759092,0.0
0/30,14/20,750,75000,182.5942738056183,3855.51881980896,284.85274094343185,82.08000334352255,0.0
0/30,15/20,800,80000,182.05525851249695,3905.5101397037506,299.7023520693183,89.27261400595307,0.0
0/30,16/20,850,85000,182.54878211021423,3933.3684587478638,320.8068063631654,91.25620659440756,0.0
0/30,17/20,900,90000,182.88460993766785,3909.6078193187714,341.2836350649595,97.6355741545558,0.0
0/30,18/20,950,95000,185.38186812400818,3879.361380815506,380.9432484731078,98.60042934119701,0.0
0/30,19/20,1000,100000,184.78027844429016,3859.8457250595093,390.6884279102087,103.24219895899296,0.0
1/30,0/20,1050,105000,184.07127404212952,3810.2282679080963,403.7944432646036,109.86225857585669,0.0
1/30,1/20,1100,110000,182.86019015312195,3798.3889849185944,427.0283984094858,115.03475913405418,0.0
1/30,2/20,1150,115000,182.2575752735138,3770.6479754447937,427.6330138295889,112.75696869194508,0.0
1/30,3/20,1200,120000,183.52634239196777,3811.5037257671356,448.7553821802139,114.03623008728027,0.0
1/30,4/20,1250,125000,183.03590297698975,3817.780825614929,429.58754232525826,118.16912588477135,0.02
1/30,5/20,1300,130000,186.85438513755798,3743.9403126239777,446.9096304625273,122.28785070031881,0.0
1/30,6/20,1350,135000,184.60049676895142,3702.7335975170135,474.37849232554436,124.58659626543522,0.0
1/30,7/20,1400,140000,182.87205362319946,3680.695533514023,447.6082439124584,118.52239026129246,0.0
1/30,8/20,1450,145000,185.17095470428467,3650.3514018058777,466.5654920935631,119.66428174078465,0.0
1/30,9/20,1500,150000,185.68207812309265,3653.670576810837,445.67277014255524,122.92452094703913,0.0
1/30,10/20,1550,155000,183.1689100265503,3647.264947414398,476.87850089371204,122.08329205214977,0.0
1/30,11/20,1600,160000,184.26000499725342,3650.9127447605133,459.7980726361275,122.42980656027794,0.0
1/30,12/20,1650,165000,184.68852066993713,3593.2493596076965,462.699719697237,121.31552382558584,0.0
1/30,13/20,1700,170000,184.87243127822876,3570.0316467285156,439.102954685688,121.33411888033152,0.0
1/30,14/20,1750,175000,184.45165944099426,3515.294186592102,441.60195603966713,122.50680678337812,0.0
1/30,15/20,1800,180000,183.83024311065674,3483.6157789230347,455.14452870190144,120.92888381332159,0.0
1/30,16/20,1850,185000,187.21845722198486,3489.7188432216644,431.71636790037155,121.47604171931744,0.0
1/30,17/20,1900,190000,186.1080400943756,3480.860951900482,436.9079997986555,122.36830509454012,0.0
1/30,18/20,1950,195000,187.04857540130615,3408.232282400131,442.8180917352438,122.10551491379738,0.0
1/30,19/20,2000,200000,182.7949879169464,3402.213283061981,453.66109788417816,121.45812202244997,0.0
2/30,0/20,2050,205000,183.92169857025146,3319.655341386795,442.49317106604576,123.41614186018705,0.0
2/30,1/20,2100,210000,186.25268006324768,3344.869205713272,453.70362561941147,118.63821449130774,0.0
2/30,2/20,2150,215000,183.19018030166626,3309.0487258434296,452.33075511455536,119.64490097761154,0.0
2/30,3/20,2200,220000,181.10322189331055,3325.855323076248,419.0143460929394,120.5702486783266,0.0
2/30,4/20,2250,225000,182.19289302825928,3308.4323403835297,420.3965740650892,119.30485804378986,0.0
2/30,5/20,2300,230000,183.13009524345398,3317.57364320755,435.2962166815996,120.74534006416798,0.0
2/30,6/20,2350,235000,186.59953832626343,3258.9375252723694,431.9736275970936,121.71256553381681,0.0
2/30,7/20,2400,240000,182.40956783294678,3229.4224026203156,423.9763503521681,120.78569208830595,0.0
2/30,8/20,2450,245000,183.0555911064148,3207.7756321430206,400.0416380017996,119.62814389914274,0.0
2/30,9/20,2500,250000,189.6700885295868,3200.235242128372,413.3590257614851,118.39341037720442,0.0
2/30,10/20,2550,255000,188.59434032440186,3171.669536113739,389.0781036168337,117.86128280311823,0.0
2/30,11/20,2600,260000,185.81506896018982,3167.5919227600098,413.40805177390575,117.8478588834405,0.0
2/30,12/20,2650,265000,184.70372104644775,3143.029893875122,420.26409225165844,120.04399433732033,0.0
2/30,13/20,2700,270000,183.46406984329224,3086.122057557106,389.57104057073593,121.99699629098177,0.0
2/30,14/20,2750,275000,185.02857398986816,3070.5251598358154,394.5516677349806,120.80928583443165,0.0
2/30,15/20,2800,280000,183.7121422290802,3068.509204506874,387.6823093816638,118.0431495681405,0.0
2/30,16/20,2850,285000,186.3501009941101,3033.021136045456,415.4587905853987,117.40597151964903,0.0
2/30,17/20,2900,290000,186.21188497543335,3019.4644210338593,402.6154796630144,116.56883443892002,0.0
2/30,18/20,2950,295000,185.9904761314392,2980.761144042015,379.124000236392,118.17531062662601,0.0
2/30,19/20,3000,300000,185.74014115333557,2960.4184641838074,385.25053080916405,116.48956958949566,0.0
3/30,0/20,3050,305000,185.69410848617554,2949.6111698150635,390.5320960879326,119.82851113379002,0.0
3/30,1/20,3100,310000,184.28937363624573,2944.125282049179,377.78833086788654,118.04553623497486,0.0
3/30,2/20,3150,315000,182.72161293029785,2904.132686495781,366.68391831219196,118.55672311037779,0.0
3/30,3/20,3200,320000,182.33956956863403,2884.0314292907715,411.50575816631317,118.32301956415176,0.0
3/30,4/20,3250,325000,183.6303732395172,2900.3391646146774,387.4948634505272,113.12381887435913,0.0
3/30,5/20,3300,330000,186.37745094299316,2901.6344735622406,383.6656917333603,114.07742624729872,0.0
3/30,6/20,3350,335000,186.51089310646057,2908.0528103113174,391.3651913255453,115.12638340890408,0.0
3/30,7/20,3400,340000,187.1349470615387,2876.053088784218,373.6030699387193,113.70262529700994,0.0
3/30,8/20,3450,345000,183.092294216156,2844.0188546180725,348.35601276159286,111.80188753455877,0.0
3/30,9/20,3500,350000,183.70788478851318,2869.3489520549774,366.51379803568125,111.43237926065922,0.0
3/30,10/20,3550,355000,182.35856080055237,2874.3447535037994,324.8011994063854,113.0348045527935,0.01
3/30,11/20,3600,360000,183.33464789390564,2894.449377655983,357.6335232704878,112.2688559293747,0.0
3/30,12/20,3650,365000,184.05763745307922,2889.396968483925,333.5930299460888,113.22697775810957,0.0
3/30,13/20,3700,370000,185.81701970100403,2883.4817802906036,346.13041161745787,114.20302776992321,0.0
3/30,14/20,3750,375000,187.09969305992126,2856.3813341856003,347.3752240091562,112.1261286213994,0.0
3/30,15/20,3800,380000,186.26195359230042,2846.1709339618683,324.2072624191642,113.19770204275846,0.0
3/30,16/20,3850,385000,184.05301880836487,2802.9145163297653,333.5053538158536,112.57869920134544,0.0
3/30,17/20,3900,390000,184.704199552536,2775.4549984931946,313.2715079411864,113.91489185392857,0.0
3/30,18/20,3950,395000,182.75729370117188,2749.061991214752,335.25459986925125,111.41842854768038,0.0
3/30,19/20,4000,400000,184.25944304466248,2701.816985845566,324.9204123392701,109.79642497748137,0.0
4/30,0/20,4050,405000,193.10701203346252,2709.6729612350464,297.4205919727683,109.99109476059675,0.0
4/30,1/20,4100,410000,185.1370358467102,2733.7890231609344,321.41489189863205,111.17537122964859,0.0
4/30,2/20,4150,415000,185.90973353385925,2718.2552369832993,319.0444151982665,110.06187205761671,0.0
4/30,3/20,4200,420000,192.67633199691772,2692.277777194977,306.58564057946205,112.01891653239727,0.0
4/30,4/20,4250,425000,186.825364112854,2707.8132964372635,303.83502988517284,113.22174591571093,0.0
4/30,5/20,4300,430000,187.3203639984131,2736.2424360513687,313.31270641088486,111.33437252044678,0.0
4/30,6/20,4350,435000,186.81232142448425,2739.0395101308823,313.1717729717493,109.83887519687414,0.0
4/30,7/20,4400,440000,184.84599947929382,2708.060148835182,314.2935319170356,112.17732378095388,0.0
4/30,8/20,4450,445000,190.67736768722534,2695.133363842964,314.4710931107402,109.16093996167183,0.0
4/30,9/20,4500,450000,187.74450397491455,2704.9664359092712,330.2558589205146,112.81310657411814,0.0
4/30,10/20,4550,455000,188.14298248291016,2675.6879239082336,312.497012719512,111.06394584476948,0.0
4/30,11/20,4600,460000,186.0247724056244,2703.6983160972595,326.00689928233624,110.9616314843297,0.0
4/30,12/20,4650,465000,184.65679216384888,2691.769157409668,337.2693486586213,112.0997225344181,0.0
4/30,13/20,4700,470000,183.5776448249817,2649.4572608470917,309.5730363205075,112.05633118003607,0.0
4/30,14/20,4750,475000,182.87283086776733,2695.0740591287613,326.56424033641815,108.59101258218288,0.0
4/30,15/20,4800,480000,182.91694283485413,2675.226982116699,323.1160844117403,108.48104131221771,0.0
4/30,16/20,4850,485000,184.57052564620972,2652.6720567941666,346.96684669703245,109.43543918430805,0.0
4/30,17/20,4900,490000,183.35342574119568,2594.623648047447,315.79386848956347,109.03803052008152,0.0
4/30,18/20,4950,495000,184.91834259033203,2604.1943172216415,326.22109361737967,110.33257029950619,0.0
4/30,19/20,5000,500000,186.27004885673523,2596.2710760831833,325.6195769160986,109.01773332804441,0.0
5/30,0/20,5050,505000,183.9232051372528,2540.6745907068253,321.7061317637563,107.47105700522661,0.0
5/30,1/20,5100,510000,183.46280360221863,2525.9227566719055,319.49751141667366,108.4454977363348,0.0
5/30,2/20,5150,515000,185.42848134040833,2531.1219557523727,328.7417850792408,105.8807567358017,0.0
5/30,3/20,5200,520000,184.79103016853333,2577.769618153572,338.82541686296463,107.7439630702138,0.0
5/30,4/20,5250,525000,182.56323218345642,2552.780296087265,345.86949372291565,108.85378109663725,0.0
5/30,5/20,5300,530000,182.76318526268005,2581.407722592354,320.0511851981282,107.10306769609451,0.0
5/30,6/20,5350,535000,184.36656641960144,2529.688740849495,307.68554951250553,108.57860758155584,0.0
5/30,7/20,5400,540000,186.7863585948944,2497.6424857378006,338.5771505981684,111.10888753086329,0.0
5/30,8/20,5450,545000,186.1815927028656,2411.314990758896,316.09521755576134,108.26691134274006,0.0
5/30,9/20,5500,550000,185.288489818573,2428.2291189432144,328.62280186265707,106.34197862446308,0.0
5/30,10/20,5550,555000,185.6347873210907,2406.696358680725,315.4726165905595,107.1905637383461,0.0
5/30,11/20,5600,560000,183.34800028800964,2442.3405475616455,334.57253792881966,106.24462807923555,0.0
5/30,12/20,5650,565000,180.71384811401367,2451.505395770073,296.53286372870207,106.00602818280458,0.0
5/30,13/20,5700,570000,183.34146070480347,2449.430410385132,325.29624430835247,107.09768123179674,0.0
5/30,14/20,5750,575000,186.02095985412598,2444.975600838661,348.0940773412585,108.7884794101119,0.0
5/30,15/20,5800,580000,187.845698595047,2472.358674764633,331.5453820824623,108.29989563673735,0.0
5/30,16/20,5850,585000,182.71161103248596,2493.82455265522,302.98809790611267,109.9221541583538,0.0
5/30,17/20,5900,590000,183.76059222221375,2475.1539163589478,332.83182714134455,110.14311556518078,0.0
5/30,18/20,5950,595000,182.30514812469482,2447.0169471502304,292.88201636075974,110.63957630842924,0.0
5/30,19/20,6000,600000,182.81841564178467,2469.4247893095016,322.2545971646905,108.97617238014936,0.0
6/30,0/20,6050,605000,182.2571403980255,2440.6921771764755,306.40382435172796,110.45836855471134,0.0
6/30,1/20,6100,610000,182.71124362945557,2441.3395359516144,327.8286798670888,109.87891219556332,0.0
6/30,2/20,6150,615000,181.3681538105011,2432.5504680871964,316.8657049611211,110.95949203521013,0.0
6/30,3/20,6200,620000,182.63252687454224,2422.4972565174103,322.02459490299225,111.41862672567368,0.0
6/30,4/20,6250,625000,182.59487295150757,2402.4671536684036,359.9352035820484,111.90112104266882,0.0
6/30,5/20,6300,630000,180.63098621368408,2429.9319170713425,374.7938014417887,114.3022681325674,0.0
6/30,6/20,6350,635000,181.08275985717773,2439.3303067684174,344.69177930802107,112.93572329729795,0.0
6/30,7/20,6400,640000,179.18984580039978,2406.1148713827133,326.8349488005042,113.83966724574566,0.0
6/30,8/20,6450,645000,182.99903440475464,2416.7796016931534,326.9619579538703,115.03057822585106,0.0
6/30,9/20,6500,650000,186.50852251052856,2390.5832961797714,323.72266875207424,116.05457392334938,0.0
6/30,10/20,6550,655000,183.85875272750854,2411.5485224723816,347.4473559781909,114.5040060505271,0.0
6/30,11/20,6600,660000,181.2716248035431,2398.69691491127,334.9686793163419,115.5115859657526,0.0
6/30,12/20,6650,665000,182.70333766937256,2402.7892673015594,368.15233482420444,115.13392519205809,0.0
6/30,13/20,6700,670000,182.64722299575806,2406.930433154106,330.24473502486944,117.23997747153044,0.0
6/30,14/20,6750,675000,183.49233031272888,2413.5299351215363,344.5721931308508,121.88434804230928,0.0
6/30,15/20,6800,680000,183.36581158638,2380.362272977829,340.2410634532571,120.42945317178965,0.0
6/30,16/20,6850,685000,183.02784204483032,2399.751657962799,342.4846994653344,120.92671737074852,0.0
6/30,17/20,6900,690000,185.4697971343994,2370.6626323461533,303.87191393226385,121.21078151464462,0.0
6/30,18/20,6950,695000,184.05352210998535,2359.3951284885406,313.3129416257143,122.29113083332777,0.0
6/30,19/20,7000,700000,184.39850521087646,2387.5292830467224,334.9263783171773,122.94300758838654,0.0
7/30,0/20,7050,705000,186.99204897880554,2408.849146127701,337.38859544694424,125.83478184044361,0.0
7/30,1/20,7100,710000,183.67144799232483,2401.6506658792496,361.7555872425437,125.99293005466461,0.0
7/30,2/20,7150,715000,183.59181141853333,2381.357014298439,347.69518437981606,126.78040552139282,0.0
7/30,3/20,7200,720000,186.19262671470642,2401.7292419672012,344.95384961366653,127.7529543414712,0.0
7/30,4/20,7250,725000,186.3494598865509,2394.5261825323105,343.61051036417484,129.5781159028411,0.0
7/30,5/20,7300,730000,186.50308108329773,2386.498266816139,383.82928770035505,129.6340209171176,0.0
7/30,6/20,7350,735000,185.35137844085693,2371.7769268751144,341.4840565919876,130.99731981009245,0.0
7/30,7/20,7400,740000,185.06286668777466,2367.104965567589,341.96603785455227,131.4039015993476,0.01
7/30,8/20,7450,745000,185.22573924064636,2307.7048330307007,327.00202521681786,130.79670591652393,0.0
7/30,9/20,7500,750000,186.27439069747925,2319.165151119232,326.7003170028329,133.7612675204873,0.0
7/30,10/20,7550,755000,188.8398561477661,2341.2075852155685,329.77696269005537,131.6980373635888,0.0
7/30,11/20,7600,760000,186.34316897392273,2324.8358284235,350.63427198678255,134.03054532408714,0.0
7/30,12/20,7650,765000,188.72612500190735,2325.7295582294464,347.38768892735243,135.2347556129098,0.0
7/30,13/20,7700,770000,186.89999103546143,2317.845972299576,376.35260317474604,134.14017909765244,0.0
7/30,14/20,7750,775000,186.39449048042297,2294.3755267858505,349.5587859749794,134.62581262737513,0.0
7/30,15/20,7800,780000,190.2661521434784,2320.171849489212,333.9085296317935,133.2287139967084,0.01
7/30,16/20,7850,785000,189.68387866020203,2295.8074021339417,326.63041257858276,136.0104624480009,0.02
7/30,17/20,7900,790000,188.35840153694153,2272.569527745247,335.66188061982393,137.60546495765448,0.05
7/30,18/20,7950,795000,191.03664660453796,2278.8033771514893,340.2682968005538,136.68698094040155,0.04
7/30,19/20,8000,800000,188.21952414512634,2304.3984607458115,322.14006534963846,134.39912351965904,0.08
8/30,0/20,8050,805000,190.21626734733582,2296.6621527671814,354.86386821419,134.48289445787668,0.02
8/30,1/20,8100,810000,188.14171075820923,2281.991112112999,351.3675606921315,134.6750038638711,0.01
8/30,2/20,8150,815000,191.43551778793335,2302.3774354457855,351.5851689428091,136.16017188876867,0.04
8/30,3/20,8200,820000,189.21612119674683,2308.2409615516663,344.44347635656595,135.82362657040358,0.04
8/30,4/20,8250,825000,188.44005155563354,2287.0595037937164,328.5640409439802,135.54455285519361,0.0
8/30,5/20,8300,830000,188.753910779953,2331.29408121109,330.79774306714535,137.3537444472313,0.01
8/30,6/20,8350,835000,186.58250737190247,2332.429155230522,339.20049607753754,137.12832011282444,0.03
8/30,7/20,8400,840000,190.55383682250977,2361.3610866069794,328.22454741597176,136.58180610835552,0.01
8/30,8/20,8450,845000,188.59660935401917,2361.297484278679,351.1454522460699,135.73577063530684,0.0
8/30,9/20,8500,850000,189.3451793193817,2380.1141217947006,354.5068968310952,134.82116483151913,0.0
8/30,10/20,8550,855000,188.61303281784058,2434.2265759706497,348.0344626903534,135.04742896556854,0.01
8/30,11/20,8600,860000,188.99136877059937,2428.6586796045303,348.59836511313915,137.10978780686855,0.02
8/30,12/20,8650,865000,187.62091445922852,2454.342197418213,347.02727407217026,137.23920761048794,0.0
8/30,13/20,8700,870000,188.88038420677185,2459.226954817772,383.95884090662,136.62443394213915,0.0
8/30,14/20,8750,875000,185.11664414405823,2484.057844400406,354.514838591218,134.46588161587715,0.0
8/30,15/20,8800,880000,188.23718190193176,2508.44569337368,352.67963702976704,136.6577388867736,0.01
8/30,16/20,8850,885000,186.26976037025452,2503.8811135292053,364.8052024394274,139.64681915193796,0.0
8/30,17/20,8900,890000,186.37724328041077,2505.3779587745667,332.5715808570385,138.85272489488125,0.16
8/30,18/20,8950,895000,188.58877801895142,2529.934558033943,350.7450708448887,140.08197339624166,0.13
8/30,19/20,9000,900000,187.23687267303467,2540.8237005472183,379.99486027657986,140.4685559272766,0.43
9/30,0/20,9050,905000,189.45578932762146,2531.5436848402023,380.1651322245598,141.03415852040052,0.19
9/30,1/20,9100,910000,186.3293743133545,2560.7328013181686,364.60956689715385,140.37326155602932,0.14
9/30,2/20,9150,915000,186.42908382415771,2599.1658070087433,376.1881631165743,140.88136617839336,0.44
9/30,3/20,9200,920000,177.08130812644958,2598.774007320404,383.76581685245037,141.17522133886814,0.3
9/30,4/20,9250,925000,187.25429248809814,2575.8092683553696,366.92137682437897,139.4281510859728,0.17
9/30,5/20,9300,930000,187.22212743759155,2584.662431716919,381.0739648640156,142.03560964763165,0.26
9/30,6/20,9350,935000,188.67849850654602,2621.7449271678925,368.4843470752239,142.97076047211885,0.31
9/30,7/20,9400,940000,187.46898198127747,2623.9367057085037,337.08261972665787,144.1090124323964,0.2
9/30,8/20,9450,945000,187.77717208862305,2640.99753177166,338.88210801780224,143.56000766903162,0.02
9/30,9/20,9500,950000,188.88099884986877,2683.1114381551743,335.7805137783289,142.57812490314245,0.34
9/30,10/20,9550,955000,188.34396743774414,2738.7926807403564,376.7428197711706,145.0052241012454,0.3
9/30,11/20,9600,960000,186.6622190475464,2763.8202043771744,355.7824305444956,144.11205968260765,0.5
9/30,12/20,9650,965000,185.2815809249878,2765.2189975976944,379.64155589044094,143.16680308431387,0.23
9/30,13/20,9700,970000,185.69002556800842,2773.2613422870636,390.2485110387206,143.08173939585686,0.28
9/30,14/20,9750,975000,186.05721735954285,2802.469980955124,385.2095958441496,145.64436402916908,0.36
9/30,15/20,9800,980000,188.30454182624817,2820.088366150856,376.84978400170803,142.85437665134668,0.29
9/30,16/20,9850,985000,189.144460439682,2883.8588112592697,364.01173140108585,142.41819071769714,0.31
9/30,17/20,9900,990000,187.46254181861877,2916.192985534668,397.3534720093012,142.61681807786226,0.44
9/30,18/20,9950,995000,189.64714813232422,2957.9462918043137,411.1990204155445,143.8430466875434,0.34
9/30,19/20,10000,1000000,189.01484060287476,2986.12432718277,384.0891003161669,143.50107642263174,0.46
10/30,0/20,10050,1005000,187.4228858947754,2980.9740895032883,384.29845918715,143.72666988521814,0.37
10/30,1/20,10100,1010000,187.562744140625,3006.6797713041306,409.4983437657356,144.1964527145028,0.4
10/30,2/20,10150,1015000,187.5444598197937,3014.0013031959534,413.01940850913525,142.6012225151062,0.03
10/30,3/20,10200,1020000,186.03201842308044,3037.748527765274,402.60187751054764,143.59663417190313,0.37
10/30,4/20,10250,1025000,187.29818320274353,3057.156210422516,413.45231722295284,143.66516910493374,0.39
10/30,5/20,10300,1030000,186.2137360572815,3055.4004821777344,426.8095157817006,142.87463531643152,0.32
10/30,6/20,10350,1035000,187.4872121810913,3028.676370382309,439.3600875735283,143.60379310697317,0.27
10/30,7/20,10400,1040000,185.61003637313843,3056.0290236473083,461.3940511494875,143.58035587519407,0.38
10/30,8/20,10450,1045000,185.28988671302795,3092.792576789856,409.92793352901936,144.79173842072487,0.25
10/30,9/20,10500,1050000,186.93816614151,3118.763826608658,421.5666354596615,145.68684438616037,0.42
10/30,10/20,10550,1055000,185.2454867362976,3114.945869922638,417.62521536648273,147.33215057104826,0.39
10/30,11/20,10600,1060000,186.08351302146912,3155.613658428192,420.7697883248329,144.1318729519844,0.47
10/30,12/20,10650,1065000,185.11224603652954,3158.884830713272,423.44339421391487,144.2778590247035,0.4
10/30,13/20,10700,1070000,185.80531334877014,3147.688845872879,406.6725816130638,145.2976869866252,0.36
10/30,14/20,10750,1075000,186.85061526298523,3179.0271221399307,429.1183973699808,143.07071571052074,0.48
10/30,15/20,10800,1080000,187.58735871315002,3169.5381112098694,445.8915340155363,143.53227592259645,0.33
10/30,16/20,10850,1085000,187.10617232322693,3192.2291870117188,420.5925208777189,145.51335697621107,0.44
10/30,17/20,10900,1090000,186.39901328086853,3207.4623153209686,419.1175295263529,142.03768414258957,0.44
10/30,18/20,10950,1095000,187.68761539459229,3270.0535485744476,408.81583538651466,142.9663179665804,0.37
10/30,19/20,11000,1100000,187.1490044593811,3237.3834590911865,407.97739973664284,143.7185551226139,0.32
11/30,0/20,11050,1105000,186.1329128742218,3241.40003824234,412.6451690942049,144.23072438687086,0.29
11/30,1/20,11100,1110000,185.62133812904358,3292.5839421749115,416.63091619312763,144.03395447134972,0.43
11/30,2/20,11150,1115000,185.3322913646698,3314.975260257721,403.48840698599815,143.01811733096838,0.48
11/30,3/20,11200,1120000,186.26414442062378,3352.7302298545837,422.2793316245079,144.00952132046223,0.38
11/30,4/20,11250,1125000,188.41504311561584,3390.5218348503113,421.0571860074997,145.6364217698574,0.42
11/30,5/20,11300,1130000,186.98444938659668,3399.224335670471,445.7077617198229,144.38582108914852,0.36
11/30,6/20,11350,1135000,186.8067729473114,3431.825110912323,452.363612934947,145.9200305789709,0.34
11/30,7/20,11400,1140000,187.96591782569885,3433.5955159664154,425.3483969569206,146.95490749180317,0.41
11/30,8/20,11450,1145000,186.63779711723328,3418.8602952957153,430.54424157738686,144.51959674060345,0.06
11/30,9/20,11500,1150000,185.62794589996338,3399.0686569213867,407.2608530819416,145.17888218909502,0.42
11/30,10/20,11550,1155000,184.56152510643005,3415.45547747612,412.91809053719044,142.62824711948633,0.37
11/30,11/20,11600,1160000,188.063969373703,3414.9266695976257,421.9576935917139,143.17382602393627,0.42
11/30,12/20,11650,1165000,187.97440457344055,3457.6383757591248,432.76378504931927,143.1576999872923,0.15
11/30,13/20,11700,1170000,187.4287450313568,3485.1840682029724,457.5056609660387,144.76244448125362,0.35
11/30,14/20,11750,1175000,188.764178276062,3532.485983610153,452.68892090022564,143.04548382759094,0.36
11/30,15/20,11800,1180000,188.2292284965515,3579.221812725067,447.0096483826637,142.7050912976265,0.39
11/30,16/20,11850,1185000,189.02053213119507,3596.3289799690247,457.19702139496803,144.33102044463158,0.34
11/30,17/20,11900,1190000,187.56379914283752,3592.6099734306335,474.4283410459757,144.66537189483643,0.42
11/30,18/20,11950,1195000,188.28563809394836,3639.4304163455963,414.49911227822304,142.60841044783592,0.39
11/30,19/20,12000,1200000,187.28388667106628,3687.808049917221,486.85429958999157,144.87924627959728,0.37
12/30,0/20,12050,1205000,187.72444677352905,3731.723755836487,490.64264719188213,144.54327772557735,0.43
12/30,1/20,12100,1210000,188.9520616531372,3740.2782764434814,465.284788608551,145.12112280726433,0.36
12/30,2/20,12150,1215000,187.30169296264648,3746.693435192108,466.0152273774147,148.69653514027596,0.43
12/30,3/20,12200,1220000,187.35159826278687,3753.1706302165985,438.50239442288876,147.83515491336584,0.49
12/30,4/20,12250,1225000,187.55394530296326,3794.339706659317,461.98429334163666,145.3283177614212,0.33
12/30,5/20,12300,1230000,188.4338719844818,3867.9091465473175,479.3358976840973,145.69648014009,0.38
12/30,6/20,12350,1235000,188.25866389274597,3856.257031440735,479.56835244596004,150.80389008671045,0.32
12/30,7/20,12400,1240000,187.98827528953552,3923.01287817955,515.1854234337807,152.03759290277958,0.44
12/30,8/20,12450,1245000,187.41288924217224,3942.1672899723053,522.7429437041283,149.58033329993486,0.34
12/30,9/20,12500,1250000,188.60641479492188,3936.3590054512024,547.5838675647974,149.70471846312284,0.28
12/30,10/20,12550,1255000,187.9735038280487,3964.653148174286,486.10194431245327,148.41317506879568,0.4
12/30,11/20,12600,1260000,189.2267870903015,3972.3318259716034,520.2123354524374,149.71109495311975,0.16
12/30,12/20,12650,1265000,189.88151693344116,3998.11718583107,498.7475137859583,149.29925914108753,0.37
12/30,13/20,12700,1270000,186.82477855682373,4026.7295994758606,512.7639252394438,151.6718534231186,0.38
12/30,14/20,12750,1275000,187.445228099823,4083.0537786483765,460.55007258057594,151.02138295769691,0.4
12/30,15/20,12800,1280000,189.04812932014465,4104.760582923889,507.1682569384575,151.1519773453474,0.51
12/30,16/20,12850,1285000,187.6215877532959,4116.318489074707,507.5506403595209,149.21150674670935,0.41
12/30,17/20,12900,1290000,188.77148246765137,4137.132902145386,535.5236856490374,149.9705463051796,0.41
12/30,18/20,12950,1295000,188.57595539093018,4165.244424819946,511.2880404442549,150.22773133963346,0.49
12/30,19/20,13000,1300000,187.5919713973999,4159.200307130814,536.421968460083,148.1746126189828,0.4
13/30,0/20,13050,1305000,187.7532594203949,4167.544404745102,487.76372776925564,149.57231548428535,0.26
13/30,1/20,13100,1310000,188.6264772415161,4240.838998794556,491.9652688205242,150.27281805872917,0.39
13/30,2/20,13150,1315000,187.96620631217957,4314.944071054459,505.6975986510515,148.69582093507051,0.46
13/30,3/20,13200,1320000,188.32716941833496,4289.360560894012,530.2878707498312,154.6552429869771,0.38
13/30,4/20,13250,1325000,186.95483946800232,4286.1418364048,477.5170178115368,155.77278956770897,0.21
13/30,5/20,13300,1330000,188.313542842865,4268.655690431595,482.1378882676363,153.84660322964191,0.32
13/30,6/20,13350,1335000,188.06838750839233,4293.701655864716,515.7086268812418,154.36143046617508,0.31
13/30,7/20,13400,1340000,187.1837182044983,4253.179959058762,517.9279578775167,151.87867699563503,0.41
13/30,8/20,13450,1345000,188.87165331840515,4257.8060138225555,492.63000582158566,151.70352321118116,0.35
13/30,9/20,13500,1350000,189.8467230796814,4330.034291028976,491.1766517162323,150.39089852571487,0.34
13/30,10/20,13550,1355000,187.90865993499756,4349.0723922252655,503.5492463558912,150.27684569358826,0.4
13/30,11/20,13600,1360000,188.02362251281738,4378.1839509010315,498.1516983807087,151.4105197712779,0.31
13/30,12/20,13650,1365000,187.90393614768982,4410.037315607071,519.3642749935389,149.19086841493845,0.28
13/30,13/20,13700,1370000,189.56807017326355,4464.314625740051,556.7437116652727,151.05095691978931,0.44
13/30,14/20,13750,1375000,190.0101923942566,4508.315527439117,514.1053075045347,152.4175080060959,0.4
13/30,15/20,13800,1380000,188.14350008964539,4481.51176905632,540.2481575757265,153.3439451381564,0.49
13/30,16/20,13850,1385000,187.8058886528015,4536.239161968231,560.746358320117,155.3051611557603,0.49
13/30,17/20,13900,1390000,186.37194347381592,4563.680360078812,510.21180018782616,155.04570066183805,0.35
13/30,18/20,13950,1395000,187.4150161743164,4555.4240980148315,564.923474162817,154.6370059773326,0.39
13/30,19/20,14000,1400000,189.14079093933105,4590.7662189006805,556.5135086625814,156.44699865579605,0.4
14/30,0/20,14050,1405000,187.56555080413818,4597.98362827301,575.3703611791134,157.04179266095161,0.43
14/30,1/20,14100,1410000,185.7009928226471,4587.6580357551575,563.0592543184757,156.3347112312913,0.42
14/30,2/20,14150,1415000,186.6221523284912,4569.247798442841,533.9009467363358,153.33759713172913,0.38
14/30,3/20,14200,1420000,185.98882484436035,4588.812539339066,529.0651853978634,155.98538734018803,0.34
14/30,4/20,14250,1425000,187.16113758087158,4623.907759666443,523.3120181113482,154.7988282367587,0.39
14/30,5/20,14300,1430000,188.11391639709473,4636.805620908737,536.0578151792288,155.28482161462307,0.46
14/30,6/20,14350,1435000,187.59637641906738,4593.932483434677,562.3280204832554,155.91674599796534,0.45
14/30,7/20,14400,1440000,187.99290442466736,4610.278514385223,545.8444774597883,154.1941817700863,0.36
14/30,8/20,14450,1445000,185.56230926513672,4628.214443206787,546.7718288749456,153.5204053223133,0.44
14/30,9/20,14500,1450000,189.30633878707886,4674.379092931747,529.6971177011728,152.52806273847818,0.43
14/30,10/20,14550,1455000,187.01928114891052,4696.181273698807,555.9739778190851,155.74189410358667,0.47
14/30,11/20,14600,1460000,188.157723903656,4683.295361757278,537.6640509366989,154.80732409656048,0.43
14/30,12/20,14650,1465000,188.30758476257324,4718.537098646164,544.0588938742876,157.50415314733982,0.5
14/30,13/20,14700,1470000,185.9355709552765,4752.580929517746,576.485280662775,153.78292407095432,0.4
14/30,14/20,14750,1475000,185.404381275177,4787.313618421555,577.456560343504,154.4626488685608,0.46
14/30,15/20,14800,1480000,185.2751932144165,4802.264514684677,618.2472386658192,152.27770622819662,0.36
14/30,16/20,14850,1485000,186.0688967704773,4861.991470813751,557.4286475777626,150.64529145509005,0.33
14/30,17/20,14900,1490000,187.02443838119507,4902.963518381119,568.0414488166571,151.7777017802,0.39
14/30,18/20,14950,1495000,190.14954781532288,4928.013532876968,590.0266322791576,154.12714929133654,0.38
14/30,19/20,15000,1500000,188.59781765937805,4917.1617431640625,573.2007141262293,154.15274515002966,0.38
15/30,0/20,15050,1505000,187.30784034729004,4917.415820360184,557.5882251560688,157.05045868456364,0.35
15/30,1/20,15100,1510000,186.01131892204285,4973.461887598038,589.2646976858377,153.8199367672205,0.44
15/30,2/20,15150,1515000,186.450603723526,4985.03543138504,564.5950315594673,155.2823580801487,0.45
15/30,3/20,15200,1520000,187.00061011314392,5013.795149087906,596.3097282499075,157.19139877706766,0.47
15/30,4/20,15250,1525000,186.9044840335846,4995.37873005867,569.9891844838858,156.7596918642521,0.33
15/30,5/20,15300,1530000,186.46978855133057,4990.571678161621,581.9656689316034,158.40366128832102,0.4
15/30,6/20,15350,1535000,188.20968770980835,5014.832446813583,627.2538729906082,155.70071405917406,0.37
15/30,7/20,15400,1540000,187.4933443069458,5041.23601603508,568.6334355175495,157.43043103814125,0.39
15/30,8/20,15450,1545000,186.2955448627472,5076.394297361374,596.5302090197802,152.85915905237198,0.39
15/30,9/20,15500,1550000,187.44681477546692,5107.625210523605,593.9060740619898,154.27846744656563,0.39
15/30,10/20,15550,1555000,186.30385446548462,5150.077149391174,615.2018367946148,155.8908597305417,0.43
15/30,11/20,15600,1560000,186.54323768615723,5192.478006362915,649.3304801732302,154.7694270759821,0.35
15/30,12/20,15650,1565000,186.7883267402649,5164.371550321579,599.1696180850267,156.39255076646805,0.37
15/30,13/20,15700,1570000,185.35426568984985,5203.480366945267,593.2101059108973,158.86974585056305,0.39
15/30,14/20,15750,1575000,187.15590977668762,5224.035366535187,614.5886435508728,157.06571309268475,0.43
15/30,15/20,15800,1580000,189.9761700630188,5262.759336233139,626.2029539495707,156.6457552984357,0.36
15/30,16/20,15850,1585000,187.4674472808838,5263.6918976306915,616.4972684085369,155.78268315643072,0.41
15/30,17/20,15900,1590000,186.5867314338684,5286.1072833538055,617.1288978308439,157.25559011101723,0.37
15/30,18/20,15950,1595000,190.20386385917664,5332.761401891708,618.0017842203379,155.556353636086,0.48
15/30,19/20,16000,1600000,190.11067962646484,5354.764844179153,643.5638419687748,159.73081454634666,0.49
16/30,0/20,16050,1605000,189.567524433136,5422.162825584412,646.7599580585957,157.02511177957058,0.29
16/30,1/20,16100,1610000,189.13147950172424,5421.99135017395,656.0289392769337,157.12935450673103,0.28
16/30,2/20,16150,1615000,187.07866621017456,5458.745111942291,625.7169505804777,159.65087147802114,0.48
16/30,3/20,16200,1620000,187.44632482528687,5468.732778072357,647.0133879184723,160.65675914287567,0.38
16/30,4/20,16250,1625000,188.2142083644867,5466.760896444321,644.7152740955353,157.50025856494904,0.32
16/30,5/20,16300,1630000,186.36823534965515,5440.572971343994,649.3414635211229,158.41906018555164,0.47
16/30,6/20,16350,1635000,186.32559084892273,5468.70876789093,631.7163992226124,157.89693948626518,0.48
16/30,7/20,16400,1640000,187.74418139457703,5497.124619007111,609.0305299162865,157.30546186864376,0.44
16/30,8/20,16450,1645000,188.42305946350098,5505.73074054718,644.4090677201748,158.76788561046124,0.36
16/30,9/20,16500,1650000,187.2555387020111,5530.731171131134,648.945211827755,158.15930354595184,0.37
16/30,10/20,16550,1655000,188.25829148292542,5557.395883560181,633.7223877608776,161.53788424283266,0.35
16/30,11/20,16600,1660000,187.80041456222534,5538.274824380875,655.139597222209,161.43973019719124,0.4
16/30,12/20,16650,1665000,187.48602890968323,5543.420551776886,655.1791808009148,160.18070536851883,0.44
16/30,13/20,16700,1670000,187.57498145103455,5572.101269245148,629.649540796876,162.74523593485355,0.49
16/30,14/20,16750,1675000,188.5770719051361,5589.895544052124,651.613394677639,162.2760619968176,0.37
16/30,15/20,16800,1680000,187.8306064605713,5635.706970214844,614.2154781073332,164.30632480233908,0.42
16/30,16/20,16850,1685000,188.2176501750946,5636.509574890137,628.3870324492455,164.17222176492214,0.33
16/30,17/20,16900,1690000,187.12427043914795,5725.177979469299,655.6317083090544,164.1891894340515,0.45
16/30,18/20,16950,1695000,186.57228803634644,5709.536435365677,628.4485728740692,164.13991931080818,0.51
16/30,19/20,17000,1700000,188.12839722633362,5800.682888031006,662.4568416625261,160.66983796656132,0.39
17/30,0/20,17050,1705000,188.2389578819275,5843.187937736511,623.3830147385597,160.56038346886635,0.37
17/30,1/20,17100,1710000,188.47601199150085,5845.282846450806,620.3140411227942,162.21370758116245,0.36
17/30,2/20,17150,1715000,186.39111638069153,5846.6411652565,581.6226849853992,159.64960718154907,0.3
17/30,3/20,17200,1720000,186.13246154785156,5857.176746368408,604.8871803879738,159.45785031467676,0.3
17/30,4/20,17250,1725000,184.9886293411255,5860.047653675079,606.6391481012106,160.46805533766747,0.36
17/30,5/20,17300,1730000,187.3845808506012,5889.96763086319,628.5776102244854,161.8668328076601,0.37
17/30,6/20,17350,1735000,187.1564269065857,5883.0433139801025,619.7692473381758,162.7864357084036,0.34
17/30,7/20,17400,1740000,186.48755478858948,5941.912097930908,630.1079304814339,162.1733061671257,0.31
17/30,8/20,17450,1745000,186.9154667854309,5934.684403419495,624.8315459787846,162.44636452198029,0.27
17/30,9/20,17500,1750000,186.88701033592224,5955.95078086853,653.8842814713717,162.93617264926434,0.45
17/30,10/20,17550,1755000,187.18514895439148,6013.380526065826,629.7359870523214,162.5209889560938,0.37
17/30,11/20,17600,1760000,187.19999051094055,5989.496819972992,684.3208709657192,162.38147132843733,0.36
17/30,12/20,17650,1765000,186.1405463218689,6005.970578193665,629.5456686019897,161.29413636028767,0.45
17/30,13/20,17700,1770000,185.6895730495453,6059.342415332794,644.4461541622877,160.86444467306137,0.5
17/30,14/20,17750,1775000,186.35772681236267,6112.775861740112,634.5681219995022,162.82093046605587,0.39
17/30,15/20,17800,1780000,188.38158082962036,6197.610296726227,711.7273814082146,160.63164542615414,0.38
17/30,16/20,17850,1785000,185.7827548980713,6177.470753192902,656.9795685857534,163.44599123299122,0.51
17/30,17/20,17900,1790000,186.97363185882568,6240.856651306152,697.5584401190281,162.62564958631992,0.38
17/30,18/20,17950,1795000,187.69681310653687,6285.928134918213,705.9162144213915,163.26108057796955,0.37
17/30,19/20,18000,1800000,186.75035619735718,6337.080940723419,667.1559195369482,160.66806781291962,0.43
18/30,0/20,18050,1805000,187.18317198753357,6333.095459938049,662.9417762160301,164.46635349839926,0.48
18/30,1/20,18100,1810000,187.2472264766693,6323.71422624588,705.4525012522936,163.769462749362,0.34
18/30,2/20,18150,1815000,188.03671097755432,6375.019680023193,679.0819551050663,164.93897806107998,0.44
18/30,3/20,18200,1820000,189.12414526939392,6372.201146602631,673.2212132662535,165.44167667627335,0.44
18/30,4/20,18250,1825000,186.75548243522644,6383.157319545746,701.714565038681,165.17013415694237,0.35
18/30,5/20,18300,1830000,186.0558729171753,6451.5307030677795,707.1860508769751,162.56329475343227,0.48
18/30,6/20,18350,1835000,187.64900040626526,6474.198006153107,689.9067304730415,165.76475892961025,0.45
18/30,7/20,18400,1840000,185.81506943702698,6532.494735240936,713.1358006000519,166.16402758657932,0.43
18/30,8/20,18450,1845000,186.1142361164093,6551.065984725952,729.9776579886675,165.03352024406195,0.42
18/30,9/20,18500,1850000,186.53173327445984,6625.723870277405,746.1728671491146,165.28170797228813,0.49
18/30,10/20,18550,1855000,186.30346584320068,6559.664659976959,745.5074088722467,167.2595520466566,0.42
18/30,11/20,18600,1860000,188.52172660827637,6572.192931652069,697.5466103106737,165.19305628538132,0.35
18/30,12/20,18650,1865000,187.1059672832489,6625.341213226318,679.6077721118927,164.62452675402164,0.44
18/30,13/20,18700,1870000,188.54462814331055,6645.196123123169,682.5563811957836,161.34013180434704,0.36
18/30,14/20,18750,1875000,188.03647232055664,6624.893163204193,700.0437100082636,162.22779014706612,0.46
18/30,15/20,18800,1880000,188.98312091827393,6650.570022106171,687.8180313706398,164.95769369602203,0.56
18/30,16/20,18850,1885000,187.41673922538757,6583.66054725647,704.6617013663054,163.99448995292187,0.46
18/30,17/20,18900,1890000,186.05815196037292,6667.068245410919,680.3318760246038,165.77357925474644,0.45
18/30,18/20,18950,1895000,188.64993262290955,6645.426553249359,694.9950438439846,166.54226346313953,0.54
18/30,19/20,19000,1900000,187.69904017448425,6601.949814796448,692.9831706434488,167.27392426133156,0.47
19/30,0/20,19050,1905000,189.92327046394348,6660.242708206177,666.8470557630062,167.56628122925758,0.54
19/30,1/20,19100,1910000,188.459645986557,6636.045374393463,705.0050532519817,166.28088088333607,0.38
19/30,2/20,19150,1915000,187.7588722705841,6615.987221240997,712.838692009449,167.32153716683388,0.41
19/30,3/20,19200,1920000,186.8889126777649,6588.280482769012,704.3994081318378,164.37295530736446,0.4
19/30,4/20,19250,1925000,169.18566346168518,6582.467441558838,659.0659497380257,164.9475873708725,0.36
19/30,5/20,19300,1930000,167.55635380744934,6543.381175994873,656.4997565597296,162.74418829381466,0.55
19/30,6/20,19350,1935000,171.76864981651306,6572.796480178833,645.3092162460089,166.2760095000267,0.51
19/30,7/20,19400,1940000,172.75200819969177,6649.23028087616,674.4105219095945,164.89425568282604,0.44
19/30,8/20,19450,1945000,171.48068857192993,6729.055680274963,673.0885207355022,166.0763734281063,0.57
19/30,9/20,19500,1950000,171.4058756828308,6673.227956295013,654.107376396656,162.47916185855865,0.49
19/30,10/20,19550,1955000,170.30218052864075,6665.347466468811,639.9059493541718,163.1074793934822,0.48
19/30,11/20,19600,1960000,171.45415782928467,6672.594159126282,662.2326862514019,164.05875566601753,0.41
19/30,12/20,19650,1965000,171.7141568660736,6695.641638278961,677.900502845645,165.21883085370064,0.45
19/30,13/20,19700,1970000,169.32064485549927,6712.320816993713,661.3039828687906,167.34625838696957,0.37
19/30,14/20,19750,1975000,168.8036060333252,6649.123425960541,637.0419658869505,170.58510445058346,0.62
19/30,15/20,19800,1980000,171.7266707420349,6596.712245464325,668.862910091877,173.88219305872917,0.51
19/30,16/20,19850,1985000,173.07227969169617,6563.124884605408,650.3708947747946,174.4225477874279,0.42
19/30,17/20,19900,1990000,172.38260102272034,6512.183213710785,608.7293508499861,171.1617749929428,0.48
19/30,18/20,19950,1995000,170.65654873847961,6449.413862705231,546.2597594857216,173.7226464152336,0.33
19/30,19/20,20000,2000000,169.06897139549255,6397.792639732361,557.6340398490429,174.41143192350864,0.46
20/30,0/20,20050,2005000,169.30893206596375,6327.705451965332,553.3684780448675,175.015384927392,0.47
20/30,1/20,20100,2010000,170.6285915374756,6246.7739815711975,524.7152106016874,174.18200039863586,0.39
20/30,2/20,20150,2015000,172.12528085708618,6185.578316688538,528.9925789088011,176.04068213701248,0.42
20/30,3/20,20200,2020000,171.19016528129578,6126.3345012664795,522.815621778369,170.80258865654469,0.46
20/30,4/20,20250,2025000,171.17014527320862,6144.700976371765,490.27821208536625,167.78167149424553,0.46
20/30,5/20,20300,2030000,171.59983110427856,6142.8338832855225,495.46460235118866,166.39941349625587,0.54
20/30,6/20,20350,2035000,172.52272391319275,6190.619307041168,540.9356386065483,164.30452041327953,0.56
20/30,7/20,20400,2040000,173.36572074890137,6202.56636762619,520.8112838417292,164.17547126114368,0.44
20/30,8/20,20450,2045000,173.30312180519104,6256.179062843323,545.235494107008,157.6915711760521,0.53
20/30,9/20,20500,2050000,172.870671749115,6370.664231777191,567.3503414988518,157.0722318291664,0.47
20/30,10/20,20550,2055000,172.68419909477234,6343.375475883484,552.3263700604439,156.69700507819653,0.47
20/30,11/20,20600,2060000,173.04891896247864,6421.5979080200195,561.214363142848,158.03904435038567,0.44
20/30,12/20,20650,2065000,174.366436958313,6517.27138710022,573.633091494441,154.56273581832647,0.46
20/30,13/20,20700,2070000,173.26425528526306,6580.863741397858,599.4188894033432,157.48146195709705,0.4
20/30,14/20,20750,2075000,173.05859875679016,6666.027273178101,600.75736322999,156.68387393653393,0.44
20/30,15/20,20800,2080000,173.15235352516174,6644.95024728775,635.402366116643,158.30199626088142,0.47
20/30,16/20,20850,2085000,172.68051099777222,6669.242534637451,596.8570921272039,160.80547192692757,0.41
20/30,17/20,20900,2090000,172.5413155555725,6639.8705105781555,650.99858507514,160.34552885591984,0.44
20/30,18/20,20950,2095000,174.1418058872223,6677.3194880485535,608.7264693826437,161.29164381325245,0.48
20/30,19/20,21000,2100000,173.6810941696167,6698.172571659088,639.4916162341833,161.1188251376152,0.43
21/30,0/20,21050,2105000,172.90294241905212,6730.555326461792,647.4614081978798,160.6506166011095,0.39
21/30,1/20,21100,2110000,172.03110694885254,6825.733961105347,667.348475754261,160.51642759144306,0.46
21/30,2/20,21150,2115000,171.75876188278198,6832.565020084381,648.1405822783709,160.79140956699848,0.4
21/30,3/20,21200,2120000,170.68524765968323,6855.454960823059,659.5686610639095,162.9792401790619,0.4
21/30,4/20,21250,2125000,175.21036553382874,6809.064389228821,715.0287450700998,164.1012197136879,0.47
21/30,5/20,21300,2130000,172.1871485710144,6753.730488777161,647.8759358227253,166.63424284756184,0.36
21/30,6/20,21350,2135000,171.43038964271545,6721.310960292816,687.8420126289129,166.34537437558174,0.52
21/30,7/20,21400,2140000,173.7091782093048,6669.142837047577,709.3955599814653,168.20285212993622,0.45
21/30,8/20,21450,2145000,170.40813088417053,6608.636441230774,680.3546946197748,165.58692729473114,0.53
21/30,9/20,21500,2150000,171.5215699672699,6653.275001049042,664.4649586379528,163.05443960428238,0.37
21/30,10/20,21550,2155000,171.69759511947632,6664.275560379028,630.4619011878967,164.4491202533245,0.46
21/30,11/20,21600,2160000,172.38071155548096,6660.162253856659,663.8007105588913,163.97241446375847,0.48
21/30,12/20,21650,2165000,170.704660654068,6717.446768283844,667.8098882585764,165.64097580313683,0.44
21/30,13/20,21700,2170000,168.98969411849976,6725.959118843079,640.4783591926098,165.02027486264706,0.52
21/30,14/20,21750,2175000,170.46975135803223,6703.154373168945,664.556363299489,163.6870254278183,0.51
21/30,15/20,21800,2180000,169.47553873062134,6705.737494945526,645.1844299435616,163.52670995891094,0.44
21/30,16/20,21850,2185000,169.881760597229,6716.555432319641,652.2076639533043,166.21721597015858,0.54
21/30,17/20,21900,2190000,168.98406863212585,6721.57204580307,616.4807741492987,167.91836462914944,0.59
21/30,18/20,21950,2195000,171.47905468940735,6726.074942588806,623.1423873752356,169.42043724656105,0.45
21/30,19/20,22000,2200000,173.56719613075256,6711.451328754425,648.7506665885448,168.73036421835423,0.37
22/30,0/20,22050,2205000,173.53603196144104,6693.403585910797,619.7310195863247,169.0331874936819,0.45
22/30,1/20,22100,2210000,172.86423683166504,6629.412215232849,641.7254621237516,168.48362116515636,0.41
22/30,2/20,22150,2215000,172.86196422576904,6706.471909999847,629.9588712155819,169.13884492218494,0.5
22/30,3/20,22200,2220000,173.99044847488403,6645.94650888443,596.097314581275,169.97220669686794,0.54
22/30,4/20,22250,2225000,173.05593276023865,6629.202947616577,595.8196801096201,166.52029670774937,0.51
22/30,5/20,22300,2230000,173.8401427268982,6579.1473388671875,605.3898178339005,166.84148108959198,0.45
22/30,6/20,22350,2235000,173.8131799697876,6489.404769897461,571.8950955867767,168.5794981867075,0.5
22/30,7/20,22400,2240000,172.62933254241943,6491.077597618103,584.2625012546778,170.23232807219028,0.51
22/30,8/20,22450,2245000,172.52615404129028,6422.294198036194,532.111455515027,170.2143543511629,0.5
22/30,9/20,22500,2250000,172.37280869483948,6422.8749170303345,541.8570280820131,172.09073071181774,0.57
22/30,10/20,22550,2255000,172.92322039604187,6344.560842990875,547.2354666590691,171.12823976576328,0.44
22/30,11/20,22600,2260000,173.87415766716003,6288.349433422089,555.5107228755951,170.89059855043888,0.51
22/30,12/20,22650,2265000,173.41535663604736,6299.442698001862,561.6626467555761,170.99810895323753,0.37
22/30,13/20,22700,2270000,172.69482350349426,6253.661128997803,537.0342791676521,170.1894766688347,0.6
22/30,14/20,22750,2275000,172.5866458415985,6252.707482337952,529.2395016551018,166.93344195187092,0.45
22/30,15/20,22800,2280000,172.12997126579285,6333.333125114441,536.5166670382023,170.18518111109734,0.63
22/30,16/20,22850,2285000,172.19538068771362,6308.351246356964,538.3843269795179,169.54040153324604,0.55
22/30,17/20,22900,2290000,171.63558530807495,6238.7037835121155,558.7403429895639,172.04237119853497,0.61
22/30,18/20,22950,2295000,172.17078971862793,6197.636154651642,529.1463641375303,169.379464417696,0.54
22/30,19/20,23000,2300000,173.3394947052002,6271.263220310211,541.4045305252075,168.1677711158991,0.41
23/30,0/20,23050,2305000,172.11616325378418,6287.0295305252075,519.0397685915232,166.57886169850826,0.64
23/30,1/20,23100,2310000,173.91018915176392,6325.630956172943,523.1515225619078,165.80195519328117,0.45
23/30,2/20,23150,2315000,172.57452249526978,6291.993950366974,513.9235704690218,166.12592068314552,0.52
23/30,3/20,23200,2320000,171.38924050331116,6387.261904716492,518.8755015432835,165.0955370515585,0.49
23/30,4/20,23250,2325000,172.73047614097595,6341.448048114777,502.4228666871786,167.46435983479023,0.47
23/30,5/20,23300,2330000,173.16736698150635,6362.571291923523,516.6855035573244,169.78844468295574,0.47
23/30,6/20,23350,2335000,172.89413499832153,6422.577571392059,486.66821187734604,166.0215367525816,0.56
23/30,7/20,23400,2340000,172.05868983268738,6402.505895614624,505.29908069968224,167.75836461782455,0.49
23/30,8/20,23450,2345000,173.37459206581116,6396.826748847961,495.8020645081997,169.88024565577507,0.5
23/30,9/20,23500,2350000,172.30551719665527,6452.502055644989,528.718914821744,168.26083838939667,0.52
23/30,10/20,23550,2355000,171.47839617729187,6463.636261463165,525.6565010398626,168.12877409160137,0.51
23/30,11/20,23600,2360000,172.3330762386322,6410.221684932709,513.1947827786207,169.12788093090057,0.55
23/30,12/20,23650,2365000,170.22497630119324,6374.150554180145,500.4559511691332,170.6029653251171,0.71
23/30,13/20,23700,2370000,172.4679696559906,6355.63704252243,515.0216758698225,169.51332733035088,0.44
23/30,14/20,23750,2375000,174.03441834449768,6359.589992046356,510.23607482016087,168.56932708621025,0.42
23/30,15/20,23800,2380000,171.47667121887207,6374.373605728149,505.01944148540497,164.50071324408054,0.63
23/30,16/20,23850,2385000,171.727365732193,6413.126745223999,512.9909012019634,164.33821499347687,0.55
23/30,17/20,23900,2390000,173.89076948165894,6498.3971338272095,509.8173784017563,162.55454087257385,0.58
23/30,18/20,23950,2395000,170.50171780586243,6476.174448013306,514.5450673848391,161.05025921016932,0.63
23/30,19/20,24000,2400000,175.22007656097412,6475.36524105072,535.1725686639547,163.585142031312,0.45
24/30,0/20,24050,2405000,171.15602040290833,6460.949113368988,562.4836031347513,165.4285205900669,0.41
24/30,1/20,24100,2410000,174.1701741218567,6437.497923374176,553.9094965606928,166.35863876342773,0.48
24/30,2/20,24150,2415000,171.1746153831482,6474.495543956757,562.1326715499163,163.60009297728539,0.55
24/30,3/20,24200,2420000,171.47093725204468,6427.137786865234,573.7777473628521,165.87970466911793,0.51
24/30,4/20,24250,2425000,171.49430680274963,6454.423127651215,591.2491260170937,165.1879113316536,0.49
24/30,5/20,24300,2430000,169.82442474365234,6515.177307605743,614.6936123073101,163.9935212880373,0.51
24/30,6/20,24350,2435000,172.0518434047699,6600.319145202637,608.1960688084364,166.58863645792007,0.49
24/30,7/20,24400,2440000,173.60676741600037,6562.141607761383,590.268501907587,166.5211200863123,0.48
24/30,8/20,24450,2445000,172.49785017967224,6530.791609764099,594.4248052835464,163.70191670954227,0.55
24/30,9/20,24500,2450000,173.68417620658875,6479.268230438232,585.6804798096418,164.69334998726845,0.44
24/30,10/20,24550,2455000,175.39962768554688,6445.414252758026,607.5655220597982,164.6957495957613,0.4
24/30,11/20,24600,2460000,172.56708431243896,6449.820271492004,597.9870063811541,162.24579618871212,0.43
24/30,12/20,24650,2465000,173.5393841266632,6477.464027881622,581.6766977161169,163.99410352110863,0.4
24/30,13/20,24700,2470000,173.63277339935303,6480.422821521759,599.0277729034424,165.495775654912,0.56
24/30,14/20,24750,2475000,172.14631128311157,6534.584342479706,613.7276796549559,163.67038498818874,0.47
24/30,15/20,24800,2480000,175.6684126853943,6582.613857746124,604.0707127004862,167.17216496169567,0.5
24/30,16/20,24850,2485000,176.5804271697998,6586.167449474335,582.5127906501293,166.53110818564892,0.59
24/30,17/20,24900,2490000,175.06236577033997,6599.308752536774,613.6236702650785,167.3265065550804,0.58
24/30,18/20,24950,2495000,172.5601270198822,6574.865261554718,594.3405529260635,168.12624292075634,0.42
24/30,19/20,25000,2500000,174.07360696792603,6605.450933456421,563.4258524924517,169.1406520754099,0.45
25/30,0/20,25050,2505000,173.8703362941742,6632.914986133575,604.6949234306812,165.57827788591385,0.52
25/30,1/20,25100,2510000,170.93414330482483,6672.176086902618,574.6384262442589,164.4994609206915,0.45
25/30,2/20,25150,2515000,172.3098111152649,6650.687362194061,601.7420939952135,163.39031448960304,0.61
25/30,3/20,25200,2520000,171.50950503349304,6693.359311103821,629.7696154564619,165.23830412328243,0.54
25/30,4/20,25250,2525000,170.72902822494507,6630.072448730469,628.5653169304132,162.07614867389202,0.6
25/30,5/20,25300,2530000,170.9474802017212,6609.6621966362,604.4537029564381,160.464270144701,0.46
25/30,6/20,25350,2535000,170.9473581314087,6672.720271110535,604.7831109017134,164.10368022322655,0.53
25/30,7/20,25400,2540000,170.9666883945465,6662.699736118317,593.6310983151197,164.89416627585888,0.55
25/30,8/20,25450,2545000,169.48719906806946,6659.1803550720215,592.3758599162102,164.88989137113094,0.51
25/30,9/20,25500,2550000,170.2710189819336,6678.772633075714,614.5135657191277,165.06868667900562,0.53
25/30,10/20,25550,2555000,167.49055671691895,6681.690167427063,572.0403461456299,163.45107665657997,0.58
25/30,11/20,25600,2560000,170.15210270881653,6735.173800468445,654.8426515758038,165.06295488774776,0.61
25/30,12/20,25650,2565000,170.58314609527588,6710.326982975006,654.5886305272579,166.6434663683176,0.55
25/30,13/20,25700,2570000,170.43530774116516,6677.707930088043,658.3249533325434,164.86805564165115,0.56
25/30,14/20,25750,2575000,169.58627653121948,6675.39678144455,603.5675733536482,164.95141300559044,0.46
25/30,15/20,25800,2580000,168.85379767417908,6694.237301826477,651.674947232008,162.9565311074257,0.51
25/30,16/20,25850,2585000,169.24561619758606,6735.484891414642,628.9544534385204,164.57823525369167,0.43
25/30,17/20,25900,2590000,170.8734633922577,6783.016311168671,648.7067767381668,165.0061207562685,0.34
25/30,18/20,25950,2595000,169.75522112846375,6754.369278430939,648.273733779788,162.75250874459743,0.49
25/30,19/20,26000,2600000,171.98140478134155,6753.65199804306,650.2190973758698,165.76097838580608,0.54
26/30,0/20,26050,2605000,172.56588983535767,6683.393853664398,653.1428104937077,166.3565759062767,0.47
26/30,1/20,26100,2610000,172.97967171669006,6695.681297779083,651.7631351798773,166.988862067461,0.57
26/30,2/20,26150,2615000,171.5972089767456,6599.345115184784,684.7105330973864,166.52346901595592,0.64
26/30,3/20,26200,2620000,174.61864042282104,6612.2459173202515,647.6633051335812,168.96432903409004,0.59
26/30,4/20,26250,2625000,173.23210310935974,6587.797802448273,675.2371658980846,169.42656888067722,0.5
26/30,5/20,26300,2630000,173.13849234580994,6603.105887413025,642.3423512279987,167.96269504725933,0.57
26/30,6/20,26350,2635000,173.10724806785583,6576.176399230957,624.4984225183725,166.83807204663754,0.47
26/30,7/20,26400,2640000,173.87747931480408,6585.255900859833,648.154843389988,167.24287331104279,0.64
26/30,8/20,26450,2645000,172.99108719825745,6622.121504306793,644.86267195642,165.90698059648275,0.49
26/30,9/20,26500,2650000,172.97725248336792,6648.9705600738525,622.277733489871,167.3670115172863,0.66
26/30,10/20,26550,2655000,173.3970663547516,6632.3901262283325,609.0868580192327,169.3737057298422,0.65
26/30,11/20,26600,2660000,172.02967143058777,6570.499759674072,610.9789166748524,172.44485425949097,0.53
26/30,12/20,26650,2665000,171.68468141555786,6527.013538360596,617.3946017920971,170.80084572732449,0.41
26/30,13/20,26700,2670000,170.56814336776733,6481.525761604309,578.2450302839279,169.73370346426964,0.5
26/30,14/20,26750,2675000,173.1123719215393,6455.034559726715,535.8529595136642,172.2062540501356,0.44
26/30,15/20,26800,2680000,171.37966060638428,6453.060028076172,516.0684570968151,168.40044556558132,0.61
26/30,16/20,26850,2685000,170.10657787322998,6356.124690055847,515.860306546092,172.11003774404526,0.54
26/30,17/20,26900,2690000,169.43377923965454,6329.313597679138,536.6026144474745,169.63775515556335,0.46
26/30,18/20,26950,2695000,170.01332688331604,6337.954817771912,502.85602812469006,166.35196839272976,0.5
26/30,19/20,27000,2700000,169.52845454216003,6314.335980415344,488.45279973745346,168.18711799383163,0.5
27/30,0/20,27050,2705000,171.57099986076355,6292.9263734817505,479.9030492454767,167.44289545714855,0.42
27/30,1/20,27100,2710000,170.43670177459717,6281.9369258880615,464.0986565053463,164.58172790706158,0.58
27/30,2/20,27150,2715000,170.68873119354248,6278.284382343292,477.88743533194065,164.34821985661983,0.45
27/30,3/20,27200,2720000,173.46199584007263,6260.312260150909,514.869962349534,162.80736289918423,0.62
27/30,4/20,27250,2725000,172.7003161907196,6257.460121154785,500.22585485875607,162.53036768734455,0.53
27/30,5/20,27300,2730000,171.88605666160583,6225.719707965851,549.3253085613251,164.1005853563547,0.58
27/30,6/20,27350,2735000,171.71973252296448,6271.7212290763855,515.359034538269,163.4250672608614,0.56
27/30,7/20,27400,2740000,170.92089939117432,6276.901135444641,512.9336278140545,161.84335279464722,0.51
27/30,8/20,27450,2745000,177.17519974708557,6356.775941848755,510.4847347289324,161.13490004837513,0.54
27/30,9/20,27500,2750000,176.1691131591797,6383.579090118408,547.2597097456455,160.07927685976028,0.58
27/30,10/20,27550,2755000,174.3911361694336,6401.911823749542,555.5298993289471,164.09150455892086,0.65
27/30,11/20,27600,2760000,174.77816653251648,6393.554664134979,553.4948406815529,164.62271815538406,0.54
27/30,12/20,27650,2765000,172.57308149337769,6426.724090099335,558.3453053236008,161.9188286960125,0.51
27/30,13/20,27700,2770000,170.70377707481384,6433.094511985779,567.5404131859541,162.7311225682497,0.49
27/30,14/20,27750,2775000,172.93958616256714,6422.007195949554,576.3363131433725,165.2067892253399,0.63
27/30,15/20,27800,2780000,172.33236074447632,6451.241659164429,577.8586982488632,162.39106314629316,0.58
27/30,16/20,27850,2785000,173.04921650886536,6477.534866333008,538.2908622026443,161.86826354265213,0.46
27/30,17/20,27900,2790000,175.02894282341003,6454.76024055481,570.8019424378872,164.50286030769348,0.54
27/30,18/20,27950,2795000,172.18782687187195,6522.716944217682,566.6089780628681,162.91430689394474,0.61
27/30,19/20,28000,2800000,173.89602971076965,6541.809142589569,572.2421560883522,164.0656880736351,0.51
28/30,0/20,28050,2805000,174.6071388721466,6574.2608852386475,566.129557594657,164.66074107587337,0.48
28/30,1/20,28100,2810000,173.50254130363464,6529.909568786621,579.8235078006983,164.23061761260033,0.57
28/30,2/20,28150,2815000,173.07385158538818,6564.842584609985,567.4488382190466,165.04374150931835,0.72
28/30,3/20,28200,2820000,172.45481634140015,6606.925623416901,591.7304824739695,162.5269381850958,0.38
28/30,4/20,28250,2825000,171.15138006210327,6557.714066505432,599.592652156949,163.59145741164684,0.57
28/30,5/20,28300,2830000,170.2991087436676,6588.505475997925,603.8107074797153,163.9052929878235,0.63
28/30,6/20,28350,2835000,172.3623650074005,6562.700155735016,562.8509526848793,165.2310267984867,0.62
28/30,7/20,28400,2840000,170.94596695899963,6540.039195537567,572.53742210567,168.63035520911217,0.6
28/30,8/20,28450,2845000,171.65405201911926,6480.084706783295,592.8136742711067,166.76050673425198,0.47
28/30,9/20,28500,2850000,172.6005289554596,6495.85928440094,580.451728105545,166.03027959167957,0.57
28/30,10/20,28550,2855000,171.72677183151245,6484.766980171204,577.2726230174303,162.9695246219635,0.59
28/30,11/20,28600,2860000,171.3226408958435,6456.061676979065,516.3413722515106,166.80893950164318,0.59
28/30,12/20,28650,2865000,171.1669566631317,6518.123576164246,555.474397584796,167.15507581830025,0.48
28/30,13/20,28700,2870000,171.2978217601776,6482.250338077545,534.7339512258768,165.87501886487007,0.62
28/30,14/20,28750,2875000,170.33159136772156,6424.757701873779,537.6894414871931,164.18160574138165,0.53
28/30,15/20,28800,2880000,174.64371299743652,6432.414101600647,547.8870785236359,162.09392575919628,0.6
28/30,16/20,28850,2885000,172.8921675682068,6490.564391136169,526.4822071939707,161.02408991754055,0.43
28/30,17/20,28900,2890000,176.1450228691101,6533.587467670441,496.04384210705757,162.6240120381117,0.56
28/30,18/20,28950,2895000,170.38096046447754,6504.174523353577,516.5369062572718,167.37798704206944,0.55
28/30,19/20,29000,2900000,170.00265264511108,6460.863530635834,528.6188416779041,169.23881736397743,0.51
29/30,0/20,29050,2905000,170.46665239334106,6376.530421257019,557.3086356967688,166.44157423079014,0.65
29/30,1/20,29100,2910000,171.59236550331116,6361.856627464294,594.5773983895779,164.67979007959366,0.43
29/30,2/20,29150,2915000,171.75746631622314,6347.947266101837,584.64795152843,164.71827743947506,0.64
29/30,3/20,29200,2920000,170.5726900100708,6379.401901721954,539.4631251841784,165.71721287071705,0.64
29/30,4/20,29250,2925000,169.79189467430115,6376.022351741791,564.7597182840109,166.7725410759449,0.67
29/30,5/20,29300,2930000,171.58955550193787,6392.334250926971,585.4155239760876,166.07838697731495,0.49
29/30,6/20,29350,2935000,173.0523693561554,6452.987174987793,580.0193579792976,167.21418178081512,0.55
29/30,7/20,29400,2940000,173.90880680084229,6477.2941308021545,595.5524115711451,164.47245877981186,0.56
29/30,8/20,29450,2945000,174.47779083251953,6455.451171398163,600.3622570037842,166.39204616844654,0.51
29/30,9/20,29500,2950000,172.92948269844055,6448.945907592773,576.8206552863121,167.1069641560316,0.66
29/30,10/20,29550,2955000,174.24729776382446,6438.993938922882,600.3506355434656,162.847569540143,0.6
29/30,11/20,29600,2960000,173.10929107666016,6419.127648830414,619.6714715063572,165.91444469988346,0.74
29/30,12/20,29650,2965000,173.49135398864746,6513.682817935944,599.8811871409416,166.4461738318205,0.34
29/30,13/20,29700,2970000,172.23994874954224,6567.022350311279,612.8528290241957,162.86692634224892,0.59
29/30,14/20,29750,2975000,173.42049908638,6541.898722171783,614.604080170393,163.1277224123478,0.66
29/30,15/20,29800,2980000,173.9253227710724,6606.077643871307,627.647199422121,163.61089761555195,0.56
29/30,16/20,29850,2985000,173.03517484664917,6616.049769878387,626.2084828615189,165.16114580631256,0.64
29/30,17/20,29900,2990000,173.30499148368835,6673.891460895538,588.0046633034945,164.06750898063183,0.54
29/30,18/20,29950,2995000,174.90667963027954,6707.735463619232,605.010058671236,164.69853930175304,0.51
29/30,19/20,30000,3000000,172.59055042266846,6694.9776821136475,601.8553125560284,166.8283893018961,0.56
