Epoch,Cycle,Episodes,Timesteps,TimeCost(sec),Q_loss,Pi_l2_loss,Pi_q_loss,Success
0/30,0/20,50,5000,32.93814539909363,,,,0.0
0/30,1/20,100,10000,36.058762311935425,3.8092252612113953,0.2295674029737711,6.853281445801258,0.0
0/30,2/20,150,15000,61.61514377593994,26.735081730410457,4.752415927825496,614.27639362216,0.0
0/30,3/20,200,20000,56.812193393707275,21.208763383328915,11.402876017382368,1101.0346044301987,0.0
0/30,4/20,250,25000,60.59054374694824,32.87879335600883,24.62638313230127,1455.4194295406342,0.0
0/30,5/20,300,30000,64.93759393692017,46.89206292759627,32.124950621277094,1781.8835467100143,0.0
0/30,6/20,350,35000,60.42009687423706,59.233419343829155,34.669854087755084,2131.1195809841156,0.0
0/30,7/20,400,40000,59.315847635269165,66.35218777321279,37.712351532652974,2457.39191865921,0.0
0/30,8/20,450,45000,65.83389210700989,102.32341889292002,43.521235786378384,2752.1347309350967,0.0
0/30,9/20,500,50000,63.23178458213806,115.92322532087564,50.54330000653863,3020.269389152527,0.0
0/30,10/20,550,55000,62.12846755981445,127.7052362523973,63.17089941352606,3194.814724445343,0.0
0/30,11/20,600,60000,65.93854236602783,163.66454500705004,64.35446446761489,3386.7522332668304,0.0
0/30,12/20,650,65000,59.67412757873535,169.86602725088596,71.36269448325038,3544.3979473114014,0.0
0/30,13/20,700,70000,63.875306129455566,208.27363704144955,75.66482662037015,3669.917339324951,0.0
0/30,14/20,750,75000,65.68343567848206,218.15529933571815,77.64193073287606,3794.252512216568,0.0
0/30,15/20,800,80000,60.9696102142334,259.643487341702,83.52748902142048,3906.341808080673,0.0
0/30,16/20,850,85000,61.941434144973755,273.9024033471942,92.80583265796304,3986.7349581718445,0.01
0/30,17/20,900,90000,65.20184183120728,297.6488535553217,96.62504085153341,4038.180988073349,0.0
0/30,18/20,950,95000,59.81762480735779,330.285237185657,105.44506611675024,4115.258559703827,0.0
0/30,19/20,1000,100000,61.88128113746643,378.43045984208584,110.59295260161161,4112.944346666336,0.0
1/30,0/20,1050,105000,66.13311982154846,422.8315022587776,114.34021394699812,4101.679815769196,0.01
1/30,1/20,1100,110000,62.636414527893066,471.8411139845848,123.41188000887632,4088.0612201690674,0.0
1/30,2/20,1150,115000,65.54428601264954,463.83583477139473,128.5400035083294,4056.9206705093384,0.0
1/30,3/20,1200,120000,67.47464108467102,426.47342827916145,130.2004492804408,3884.258575439453,0.0
1/30,4/20,1250,125000,63.287864208221436,402.4927897825837,127.08839076757431,3849.704521179199,0.0
1/30,5/20,1300,130000,66.16670107841492,429.5996627509594,126.89217472821474,3772.3313326835632,0.0
1/30,6/20,1350,135000,67.40891981124878,417.4344165623188,127.84907480329275,3703.7768607139587,0.0
1/30,7/20,1400,140000,64.49705576896667,401.56274054944515,129.82325878739357,3658.542063474655,0.0
1/30,8/20,1450,145000,68.50961971282959,400.5367654412985,126.2490673288703,3646.2818582057953,0.0
1/30,9/20,1500,150000,66.02742743492126,410.11238203942776,122.06079743802547,3614.899167537689,0.0
1/30,10/20,1550,155000,65.06509017944336,400.85270369052887,125.6685207337141,3549.045533657074,0.0
1/30,11/20,1600,160000,69.33667469024658,414.1819938868284,126.08030578494072,3538.8473200798035,0.0
1/30,12/20,1650,165000,64.59917330741882,397.1536098867655,127.7469133362174,3522.3292133808136,0.0
1/30,13/20,1700,170000,65.65336537361145,428.3864977955818,127.08533422648907,3474.3972070217133,0.0
1/30,14/20,1750,175000,66.72860097885132,389.439380005002,124.93280200660229,3445.4427320957184,0.0
1/30,15/20,1800,180000,64.26426720619202,428.1079588383436,126.46141680330038,3414.909682035446,0.0
1/30,16/20,1850,185000,63.04864501953125,395.8467062562704,126.7736933156848,3353.234870672226,0.0
1/30,17/20,1900,190000,67.07369565963745,383.9319142997265,126.26972745358944,3345.2819331884384,0.0
1/30,18/20,1950,195000,62.22374892234802,372.30716398358345,124.26587019115686,3299.574245452881,0.0
1/30,19/20,2000,200000,63.16616368293762,384.9360841810703,125.83535826206207,3282.624561071396,0.0
2/30,0/20,2050,205000,66.48541378974915,386.89782060682774,125.57526658475399,3233.462657928467,0.0
2/30,1/20,2100,210000,61.69628286361694,376.74019408226013,126.26239697635174,3174.912551879883,0.01
2/30,2/20,2150,215000,64.77945756912231,386.1540279388428,123.1711037158966,3176.911573410034,0.0
2/30,3/20,2200,220000,66.55677819252014,363.0699023902416,124.66216602921486,3114.1664378643036,0.0
2/30,4/20,2250,225000,62.708739042282104,366.34757405519485,124.74253411591053,3105.1604628562927,0.0
2/30,5/20,2300,230000,65.26246428489685,384.06439189612865,123.49101761728525,3079.1364595890045,0.0
2/30,6/20,2350,235000,63.75565958023071,367.84681825339794,121.71553834527731,3091.834296822548,0.0
2/30,7/20,2400,240000,61.704442501068115,375.44144909083843,123.78582088649273,3071.6835763454437,0.0
2/30,8/20,2450,245000,64.16937446594238,340.2761012464762,122.67420756816864,3055.5290480852127,0.0
2/30,9/20,2500,250000,65.62296843528748,350.79365756362677,121.95050862431526,3042.5265831947327,0.0
2/30,10/20,2550,255000,63.84304976463318,334.72407542169094,120.85577553510666,3051.3644936084747,0.0
2/30,11/20,2600,260000,68.58102345466614,362.54235073179007,122.77727452665567,3042.7489683628082,0.0
2/30,12/20,2650,265000,66.11123895645142,362.0531711578369,122.89468022435904,3006.0345001220703,0.0
2/30,13/20,2700,270000,64.7807469367981,316.61717088520527,120.6811927780509,3032.3780328035355,0.0
2/30,14/20,2750,275000,68.27703809738159,351.3359571620822,118.60779702663422,3030.7570555210114,0.0
2/30,15/20,2800,280000,64.5518536567688,337.68501630425453,120.96014184504747,3033.867305994034,0.0
2/30,16/20,2850,285000,63.53864908218384,326.5430091097951,119.33786886185408,3038.5527044534683,0.0
2/30,17/20,2900,290000,68.70920372009277,324.74745278805494,117.89745181798935,3002.903806209564,0.0
2/30,18/20,2950,295000,63.54738402366638,335.31982960551977,115.43442167341709,2978.2221447229385,0.0
2/30,19/20,3000,300000,61.87524938583374,343.0391926765442,116.72200058400631,2960.3727391958237,0.0
3/30,0/20,3050,305000,68.68906092643738,344.68699488788843,115.81823728978634,2929.7397706508636,0.0
3/30,1/20,3100,310000,62.02046608924866,358.28573347628117,115.20733980834484,2956.910700917244,0.0
3/30,2/20,3150,315000,63.541932344436646,333.70573104918003,116.29917922616005,2938.9865485429764,0.0
3/30,3/20,3200,320000,68.00438332557678,341.70245338231325,117.94132362306118,2974.2914843559265,0.0
3/30,4/20,3250,325000,63.776872634887695,346.6044271439314,117.07115906476974,2961.719272851944,0.0
3/30,5/20,3300,330000,64.70568323135376,331.604301661253,116.24897368252277,2971.0285840034485,0.0
3/30,6/20,3350,335000,65.09993362426758,336.195278853178,116.2982522174716,2935.3943724632263,0.0
3/30,7/20,3400,340000,62.65973711013794,327.25778618454933,115.10450162738562,2900.691816329956,0.0
3/30,8/20,3450,345000,66.72677636146545,323.9352312684059,114.51145099103451,2923.605293750763,0.0
3/30,9/20,3500,350000,67.23498678207397,342.2994038462639,113.2331562563777,2939.7941056489944,0.0
3/30,10/20,3550,355000,61.88090109825134,320.97000029683113,114.12702575325966,2897.3197185993195,0.0
3/30,11/20,3600,360000,64.94456195831299,318.92347222566605,112.28275209665298,2870.4639805555344,0.0
3/30,12/20,3650,365000,63.5043568611145,304.97953839600086,109.57977042347193,2880.917925477028,0.0
3/30,13/20,3700,370000,61.61327314376831,343.0496104583144,108.0159233585,2852.100184559822,0.0
3/30,14/20,3750,375000,65.01630282402039,313.6615117415786,108.8526049926877,2862.2361171245575,0.0
3/30,15/20,3800,380000,65.04033827781677,334.4268931671977,110.24578253179789,2897.076469540596,0.0
3/30,16/20,3850,385000,61.12565994262695,317.76029308885336,109.63009484112263,2888.863082051277,0.0
3/30,17/20,3900,390000,65.64228320121765,363.5759563520551,111.12327088415623,2892.376228451729,0.0
3/30,18/20,3950,395000,64.13794279098511,321.7093260213733,110.24814328551292,2883.2004598379135,0.0
3/30,19/20,4000,400000,62.50255084037781,321.8750173524022,109.48882222175598,2849.0480395555496,0.0
4/30,0/20,4050,405000,66.10119557380676,339.4402639493346,109.41213872283697,2868.959843993187,0.0
4/30,1/20,4100,410000,63.05747389793396,318.2011620476842,107.96749205887318,2871.4396995306015,0.0
4/30,2/20,4150,415000,61.348153591156006,310.20229890942574,111.07520747184753,2820.5255485773087,0.0
4/30,3/20,4200,420000,66.3852231502533,324.22605258226395,109.11263579875231,2784.29054749012,0.0
4/30,4/20,4250,425000,62.822548151016235,319.8679552972317,109.09775806963444,2787.4315481185913,0.0
4/30,5/20,4300,430000,60.149484634399414,316.2569856494665,108.92287228256464,2768.135283112526,0.0
4/30,6/20,4350,435000,65.48839998245239,324.12886476516724,107.62299756705761,2788.1513537168503,0.0
4/30,7/20,4400,440000,59.50501322746277,320.5016111433506,108.50306445360184,2823.9343957901,0.0
4/30,8/20,4450,445000,61.098957777023315,341.2250345721841,108.96803620457649,2851.6712003946304,0.0
4/30,9/20,4500,450000,63.58975434303284,323.7960061132908,111.08491629362106,2857.1494833230972,0.0
4/30,10/20,4550,455000,61.897625207901,315.1496319025755,108.565239533782,2807.020279407501,0.0
4/30,11/20,4600,460000,62.74462842941284,328.7374960780144,108.8232883438468,2801.2215790748596,0.0
4/30,12/20,4650,465000,64.8002245426178,317.840471804142,106.9116521179676,2793.13989341259,0.0
4/30,13/20,4700,470000,60.699918270111084,309.6576633900404,108.4362984597683,2787.588943839073,0.0
4/30,14/20,4750,475000,63.319939851760864,319.2671981677413,106.77747836709023,2748.246295809746,0.0
4/30,15/20,4800,480000,67.3051278591156,326.4193483442068,107.40243389457464,2739.7249265909195,0.0
4/30,16/20,4850,485000,61.66476011276245,321.0284271836281,107.35573095083237,2716.4987055063248,0.0
4/30,17/20,4900,490000,61.655922651290894,372.24743200838566,105.70797603577375,2704.0336042642593,0.0
4/30,18/20,4950,495000,67.22121047973633,322.4753469452262,105.6150354668498,2719.713217973709,0.0
4/30,19/20,5000,500000,61.4144823551178,307.83354580402374,103.47172822803259,2720.02778840065,0.0
5/30,0/20,5050,505000,61.680793046951294,308.7087113186717,104.76090278476477,2738.1421449184418,0.0
5/30,1/20,5100,510000,68.05265092849731,322.91733595728874,105.20271503180265,2717.707877635956,0.0
5/30,2/20,5150,515000,61.00934100151062,315.4705019071698,104.85190489888191,2719.0255802869797,0.0
5/30,3/20,5200,520000,60.95585608482361,338.3625098615885,107.50458227097988,2678.886310338974,0.0
5/30,4/20,5250,525000,67.78264951705933,317.782546184957,104.69008645415306,2715.1510432958603,0.0
5/30,5/20,5300,530000,61.28921055793762,311.7467364370823,104.04980210959911,2692.1030665636063,0.0
5/30,6/20,5350,535000,63.75951409339905,318.1777042374015,103.76467298716307,2673.9724016189575,0.0
5/30,7/20,5400,540000,65.5153398513794,321.44774320721626,105.0049938634038,2662.6033482551575,0.0
5/30,8/20,5450,545000,60.185405015945435,304.6712284460664,107.79991776496172,2649.9446840286255,0.0
5/30,9/20,5500,550000,62.80549335479736,317.2539611980319,105.39223159104586,2679.5941383838654,0.0
5/30,10/20,5550,555000,67.69258236885071,317.08811359107494,105.11598390340805,2694.6206345558167,0.0
5/30,11/20,5600,560000,65.20014262199402,353.2147683799267,105.33859846740961,2668.992398262024,0.0
5/30,12/20,5650,565000,67.23022723197937,308.1018058434129,105.39572864025831,2682.3447217941284,0.0
5/30,13/20,5700,570000,63.78508973121643,334.0405737385154,103.60399024933577,2675.240478992462,0.0
5/30,14/20,5750,575000,60.99771475791931,304.30354907363653,104.16774290800095,2652.3219462633133,0.0
5/30,15/20,5800,580000,64.91843104362488,310.037694953382,105.47496308386326,2678.4114257097244,0.0
5/30,16/20,5850,585000,62.88888955116272,299.1476800069213,105.24947463721037,2685.2373440265656,0.0
5/30,17/20,5900,590000,59.177186489105225,353.44788110256195,104.65714451670647,2656.8724550008774,0.0
5/30,18/20,5950,595000,62.38022208213806,337.87869146466255,108.45764645189047,2656.0581461191177,0.0
5/30,19/20,6000,600000,60.95454692840576,311.07848235219717,109.54423855990171,2630.441925883293,0.0
6/30,0/20,6050,605000,59.351879835128784,326.73815067112446,105.92886442691088,2593.0635867118835,0.0
6/30,1/20,6100,610000,63.45456647872925,349.6130853295326,105.27016439288855,2608.88942360878,0.0
6/30,2/20,6150,615000,62.46635937690735,324.70255206525326,101.21604169160128,2586.5860040187836,0.0
6/30,3/20,6200,620000,60.401495695114136,337.4851080328226,102.96330297738314,2599.1978499889374,0.0
6/30,4/20,6250,625000,67.32759881019592,339.95086263120174,104.69010233134031,2584.929354429245,0.0
6/30,5/20,6300,630000,62.978912115097046,316.2703977152705,103.5692038461566,2564.0422469377518,0.0
6/30,6/20,6350,635000,63.33810782432556,301.30905508995056,102.79548924416304,2560.404369711876,0.0
6/30,7/20,6400,640000,63.2124125957489,325.9691453278065,101.16778733581305,2551.0643845796585,0.0
6/30,8/20,6450,645000,62.01328444480896,316.4149829596281,100.7269113138318,2569.8078920841217,0.0
6/30,9/20,6500,650000,60.0166392326355,308.1778590455651,101.48233206570148,2561.1719383001328,0.0
6/30,10/20,6550,655000,63.37749409675598,328.8135501295328,103.76631888002157,2541.139916062355,0.0
6/30,11/20,6600,660000,65.94445967674255,331.0105192065239,101.71673902124166,2568.7129743099213,0.0
6/30,12/20,6650,665000,63.29535388946533,315.4811055138707,102.31795669347048,2609.164184689522,0.0
6/30,13/20,6700,670000,65.2360348701477,340.57976933568716,102.82887249439955,2626.1327892541885,0.0
6/30,14/20,6750,675000,65.49786400794983,313.103302501142,103.4262944161892,2609.587357521057,0.0
6/30,15/20,6800,680000,62.67288255691528,306.6855948343873,102.68443498760462,2565.770456671715,0.0
6/30,16/20,6850,685000,65.72048425674438,304.23868530243635,102.39216953516006,2608.3198409080505,0.0
6/30,17/20,6900,690000,64.82464456558228,294.24830531328917,101.66314149647951,2576.152150988579,0.0
6/30,18/20,6950,695000,64.07724285125732,310.50138364732265,102.65670744329691,2561.8301503658295,0.0
6/30,19/20,7000,700000,69.1213731765747,304.27829775214195,101.64434020221233,2573.648388981819,0.0
7/30,0/20,7050,705000,61.55235195159912,355.7837350592017,100.83973432332277,2543.261275410652,0.0
7/30,1/20,7100,710000,60.05615854263306,336.6177618056536,99.85787945985794,2576.322079896927,0.0
7/30,2/20,7150,715000,66.30643773078918,312.2896373346448,100.88830927014351,2536.4500205516815,0.0
7/30,3/20,7200,720000,64.36535429954529,322.87043496221304,101.9720313474536,2558.9566848278046,0.0
7/30,4/20,7250,725000,64.62688946723938,307.58005395531654,101.35785350203514,2587.7867962121964,0.0
7/30,5/20,7300,730000,65.53406834602356,320.1664679571986,100.59525401890278,2565.81010890007,0.0
7/30,6/20,7350,735000,60.0995512008667,317.6979886367917,99.97271637618542,2557.279283761978,0.0
7/30,7/20,7400,740000,61.45878481864929,302.5103245675564,99.47111588716507,2569.7028613090515,0.0
7/30,8/20,7450,745000,66.17417359352112,335.3278336301446,102.43893847614527,2573.250363945961,0.0
7/30,9/20,7500,750000,63.51577925682068,298.2933056280017,103.2403793334961,2573.140156149864,0.0
7/30,10/20,7550,755000,63.32016205787659,322.30181112885475,100.8477305546403,2561.640928030014,0.0
7/30,11/20,7600,760000,68.71055459976196,338.83816557377577,100.17707841098309,2563.1176342964172,0.0
7/30,12/20,7650,765000,62.61080861091614,317.19897995889187,100.55440064519644,2585.0008857250214,0.0
7/30,13/20,7700,770000,65.19069981575012,319.97950062155724,99.53528558462858,2559.801775932312,0.0
7/30,14/20,7750,775000,68.58440971374512,309.9805667102337,99.54431823641062,2550.4326194524765,0.0
7/30,15/20,7800,780000,62.54795432090759,335.6722929254174,101.37837202101946,2548.233055114746,0.0
7/30,16/20,7850,785000,65.65407466888428,283.71607115864754,98.6834959089756,2506.170396566391,0.0
7/30,17/20,7900,790000,67.64720559120178,313.22300478070974,98.78634934872389,2512.6613821983337,0.0
7/30,18/20,7950,795000,61.75150012969971,325.0395756587386,99.56405655294657,2520.0042667388916,0.03
7/30,19/20,8000,800000,63.42063546180725,310.8729677051306,99.1945311203599,2512.6904730796814,0.0
8/30,0/20,8050,805000,63.45560050010681,322.56418988108635,100.97485598921776,2500.3506482839584,0.03
8/30,1/20,8100,810000,61.30573225021362,316.00393038988113,100.94135204702616,2522.175211071968,0.01
8/30,2/20,8150,815000,64.29703164100647,307.72356171160936,101.20955495536327,2503.863960504532,0.0
8/30,3/20,8200,820000,65.06828951835632,323.74083203822374,101.31079781800508,2458.3544207811356,0.0
8/30,4/20,8250,825000,61.24077606201172,324.6441188380122,102.56828605383635,2472.843519449234,0.0
8/30,5/20,8300,830000,63.39237403869629,292.31644286960363,103.9056770503521,2405.5642405748367,0.0
8/30,6/20,8350,835000,63.08414840698242,306.90614975988865,104.98199041932821,2356.394662976265,0.0
8/30,7/20,8400,840000,60.576820611953735,307.6482263505459,102.44979195296764,2348.339541554451,0.0
8/30,8/20,8450,845000,61.630666732788086,305.9864935800433,101.5664543658495,2342.776708841324,0.0
8/30,9/20,8500,850000,62.21693205833435,329.70953756570816,97.66315441578627,2355.711851835251,0.0
8/30,10/20,8550,855000,59.086045026779175,283.0446460843086,97.932885594666,2340.0972410440445,0.0
8/30,11/20,8600,860000,65.06857228279114,298.4779890999198,99.42856756597757,2359.705675840378,0.0
8/30,12/20,8650,865000,65.69298601150513,328.1875053271651,97.87241144478321,2345.52629673481,0.0
8/30,13/20,8700,870000,62.621936082839966,294.212185151875,97.47824890911579,2365.579295039177,0.0
8/30,14/20,8750,875000,66.18308877944946,289.0938165932894,98.13510936498642,2339.659092903137,0.0
8/30,15/20,8800,880000,63.587135553359985,281.4813983887434,97.99983310699463,2363.35642850399,0.0
8/30,16/20,8850,885000,62.362215995788574,311.4118049517274,97.64756207168102,2376.900402188301,0.0
8/30,17/20,8900,890000,65.29676604270935,337.45320247113705,97.01951564848423,2360.6292638778687,0.0
8/30,18/20,8950,895000,63.37551283836365,296.4451152905822,96.77955124527216,2372.7917860746384,0.0
8/30,19/20,9000,900000,61.75282597541809,288.78163903951645,96.25178515911102,2365.0328221321106,0.0
9/30,0/20,9050,905000,64.69504046440125,302.45908277481794,96.99874886870384,2372.379452228546,0.0
9/30,1/20,9100,910000,62.485069274902344,263.58958784490824,97.9818024635315,2371.470291376114,0.0
9/30,2/20,9150,915000,61.40680694580078,277.45375590771437,95.4175478219986,2334.1156952381134,0.0
9/30,3/20,9200,920000,64.54737305641174,292.09231116622686,94.71621382981539,2361.2683342695236,0.0
9/30,4/20,9250,925000,61.55478119850159,292.2825063765049,95.92810137569904,2351.6550751924515,0.0
9/30,5/20,9300,930000,60.49751305580139,281.06590581685305,97.53517305850983,2390.877954483032,0.0
9/30,6/20,9350,935000,64.57898187637329,287.91485723108053,96.31550865620375,2372.6304898262024,0.0
9/30,7/20,9400,940000,64.47635769844055,268.7920099198818,94.6830560490489,2376.3835784196854,0.0
9/30,8/20,9450,945000,60.63867402076721,276.1248095780611,95.43127100169659,2398.0524941682816,0.0
9/30,9/20,9500,950000,65.1033444404602,267.63849656283855,94.43680683523417,2379.6158533096313,0.0
9/30,10/20,9550,955000,64.44409394264221,270.98912965506315,95.38386069238186,2414.8679361343384,0.0
9/30,11/20,9600,960000,60.96668982505798,287.6001133993268,95.14261166006327,2426.445904612541,0.0
9/30,12/20,9650,965000,65.71640396118164,284.1716590449214,95.73583877831697,2427.169811964035,0.0
9/30,13/20,9700,970000,61.0362651348114,282.26478584110737,95.9839391708374,2422.9425646066666,0.0
9/30,14/20,9750,975000,64.27592611312866,291.9551254287362,95.0878152102232,2408.3996196985245,0.0
9/30,15/20,9800,980000,67.49242091178894,270.3189925774932,93.19135334342718,2405.0576269626617,0.0
9/30,16/20,9850,985000,62.53413128852844,280.35808627307415,94.47939028963447,2418.208021402359,0.0
9/30,17/20,9900,990000,63.38531732559204,285.90664649009705,94.7144503518939,2432.300746679306,0.0
9/30,18/20,9950,995000,69.50633335113525,279.60951360315084,94.93748207390308,2433.6327843666077,0.0
9/30,19/20,10000,1000000,60.57866430282593,262.88901160657406,94.57902768999338,2454.527425646782,0.0
10/30,0/20,10050,1005000,60.63009977340698,280.15091820061207,95.3200705870986,2406.021140217781,0.0
10/30,1/20,10100,1010000,65.88565492630005,290.94233617931604,94.81732689961791,2403.525210261345,0.0
10/30,2/20,10150,1015000,61.37096858024597,297.537244990468,94.25551179796457,2418.5751816034317,0.0
10/30,3/20,10200,1020000,59.394770860672,296.6401704624295,96.52928441017866,2423.9784845113754,0.0
10/30,4/20,10250,1025000,65.17410326004028,322.34983536601067,97.00003708153963,2444.4850783348083,0.0
10/30,5/20,10300,1030000,60.981605052948,268.54886289685965,96.20901661366224,2420.8548179864883,0.0
10/30,6/20,10350,1035000,63.7162926197052,259.7347775697708,95.2882112339139,2437.3703384399414,0.0
10/30,7/20,10400,1040000,67.88451623916626,287.95151030272245,93.7312308177352,2446.0664196014404,0.0
10/30,8/20,10450,1045000,62.45211458206177,299.40483310073614,95.6839409917593,2429.3978608846664,0.0
10/30,9/20,10500,1050000,61.68168544769287,311.64940954744816,95.05991557985544,2455.0658478736877,0.0
10/30,10/20,10550,1055000,66.15854525566101,313.61684323847294,96.02155378460884,2438.594008564949,0.0
10/30,11/20,10600,1060000,61.280983209609985,267.3731011785567,93.54947974532843,2440.147343277931,0.0
10/30,12/20,10650,1065000,60.99102759361267,296.10961908847094,93.45367455109954,2445.163591980934,0.0
10/30,13/20,10700,1070000,66.18885827064514,273.5220714211464,93.77923172712326,2414.881849527359,0.0
10/30,14/20,10750,1075000,64.05072784423828,287.9639169126749,93.8201306834817,2421.4021726846695,0.0
10/30,15/20,10800,1080000,61.085970640182495,323.63364194333553,93.98346891999245,2429.9131211042404,0.0
10/30,16/20,10850,1085000,65.69441771507263,304.20350232720375,93.6277221813798,2422.8477696180344,0.0
10/30,17/20,10900,1090000,62.43367624282837,313.5486578643322,94.18600014224648,2428.234806537628,0.0
10/30,18/20,10950,1095000,65.11229467391968,288.6414747983217,94.47830341011286,2416.8570300340652,0.0
10/30,19/20,11000,1100000,68.73593020439148,287.4563268944621,94.26780679821968,2436.6042910814285,0.0
11/30,0/20,11050,1105000,65.12684869766235,325.9476840496063,93.18719234317541,2435.2075539827347,0.0
11/30,1/20,11100,1110000,61.22311615943909,289.1013382822275,91.94520137831569,2379.232057094574,0.0
11/30,2/20,11150,1115000,64.97191572189331,293.5600607842207,93.92806074023247,2428.231285572052,0.0
11/30,3/20,11200,1120000,61.34285235404968,286.65424489974976,93.62010017037392,2434.6186740398407,0.0
11/30,4/20,11250,1125000,64.11490058898926,287.5501429736614,93.32477333396673,2389.373950600624,0.0
11/30,5/20,11300,1130000,66.52483439445496,298.78249210864305,92.75274780392647,2428.9800248146057,0.0
11/30,6/20,11350,1135000,60.253334522247314,306.0986885353923,93.91198681294918,2384.9514796733856,0.0
11/30,7/20,11400,1140000,62.00846862792969,281.03870909661055,91.10081662982702,2372.956421136856,0.0
11/30,8/20,11450,1145000,67.11196827888489,290.90867956727743,91.174395352602,2384.103503346443,0.0
11/30,9/20,11500,1150000,60.73081374168396,274.82229709625244,89.75823595374823,2388.72656083107,0.0
11/30,10/20,11550,1155000,63.01520276069641,308.8687417656183,89.58789799362421,2369.357681155205,0.0
11/30,11/20,11600,1160000,66.17176580429077,303.66453348845243,89.41011849045753,2348.917684197426,0.0
11/30,12/20,11650,1165000,64.61145281791687,297.24017816782,88.63904220610857,2366.56616294384,0.0
11/30,13/20,11700,1170000,66.07564353942871,281.2787705436349,90.02264595404267,2341.7389100790024,0.0
11/30,14/20,11750,1175000,67.62445569038391,292.12487484514713,91.2772216424346,2315.777293086052,0.0
11/30,15/20,11800,1180000,61.363367795944214,253.9560564160347,92.56830774992704,2335.1765652894974,0.0
11/30,16/20,11850,1185000,64.48198175430298,280.28723089396954,91.05484666675329,2353.0310151576996,0.0
11/30,17/20,11900,1190000,66.10772466659546,266.3494857400656,91.03862030804157,2332.4476944208145,0.0
11/30,18/20,11950,1195000,61.80941557884216,272.55565021187067,89.6880864650011,2320.030876994133,0.0
11/30,19/20,12000,1200000,65.29429292678833,257.11230686306953,88.93568089231849,2307.693282008171,0.0
12/30,0/20,12050,1205000,64.65783953666687,271.03666112571955,89.243412155658,2345.1773116588593,0.0
12/30,1/20,12100,1210000,63.28782606124878,266.54561857134104,88.8776633515954,2322.161704301834,0.0
12/30,2/20,12150,1215000,64.8044650554657,259.38592161238194,89.03285603970289,2327.402720451355,0.0
12/30,3/20,12200,1220000,63.20249032974243,258.3790542706847,90.59656696394086,2340.154325723648,0.0
12/30,4/20,12250,1225000,62.81479501724243,269.7045519798994,90.71337440609932,2364.0326167345047,0.0
12/30,5/20,12300,1230000,67.1043541431427,269.8564682006836,92.06712942570448,2352.421669125557,0.0
12/30,6/20,12350,1235000,61.872665882110596,266.3125437796116,89.63855131715536,2308.831676840782,0.0
12/30,7/20,12400,1240000,62.05012631416321,269.6127517968416,88.49878097325563,2333.593824028969,0.0
12/30,8/20,12450,1245000,64.17278718948364,265.48558557778597,89.27154833078384,2350.8008241653442,0.0
12/30,9/20,12500,1250000,61.86798405647278,288.524422518909,89.75818768143654,2350.613222718239,0.0
12/30,10/20,12550,1255000,60.951340198516846,281.4311639741063,88.33482997119427,2333.910027742386,0.0
12/30,11/20,12600,1260000,65.75156950950623,271.3058241419494,87.55082833021879,2316.982267141342,0.0
12/30,12/20,12650,1265000,61.177382469177246,267.5060886219144,88.78173937648535,2340.1938784122467,0.0
12/30,13/20,12700,1270000,62.171844482421875,338.07388654351234,90.40665838122368,2332.562429189682,0.0
12/30,14/20,12750,1275000,64.98119616508484,311.6378252059221,89.61178836971521,2324.1027570962906,0.0
12/30,15/20,12800,1280000,62.38240671157837,298.09373343735933,88.01392254978418,2342.770794272423,0.0
12/30,16/20,12850,1285000,60.98894166946411,308.82911086827517,88.35980635136366,2339.8604353666306,0.0
12/30,17/20,12900,1290000,67.4773325920105,274.42027758061886,86.93312982469797,2336.383615255356,0.0
12/30,18/20,12950,1295000,61.179089069366455,299.47369623184204,87.8104007691145,2334.90591943264,0.0
12/30,19/20,13000,1300000,61.84656357765198,261.9664508923888,87.1753219217062,2313.089574456215,0.0
13/30,0/20,13050,1305000,67.52710747718811,263.4699632823467,87.88526131212711,2309.086030125618,0.0
13/30,1/20,13100,1310000,62.81603169441223,281.64118887484074,87.79683839157224,2293.0689384937286,0.0
13/30,2/20,13150,1315000,61.60215377807617,284.6698921173811,88.69062196463346,2303.034600377083,0.0
13/30,3/20,13200,1320000,67.99424004554749,269.4175207540393,87.00036024674773,2285.1164598464966,0.0
13/30,4/20,13250,1325000,63.70039653778076,262.7813264466822,87.22376265749335,2276.9845341444016,0.0
13/30,5/20,13300,1330000,63.49911117553711,274.5008617937565,88.9763298779726,2262.6938705444336,0.0
13/30,6/20,13350,1335000,66.88467311859131,266.2571354135871,87.00324194133282,2265.3185782432556,0.0
13/30,7/20,13400,1340000,62.09684920310974,294.7872938141227,88.31008946150541,2281.0696716308594,0.0
13/30,8/20,13450,1345000,62.31845951080322,284.92668706923723,87.39814011007547,2292.841997742653,0.0
13/30,9/20,13500,1350000,66.55947685241699,296.88416081666946,89.79435984045267,2298.2731642723083,0.02
13/30,10/20,13550,1355000,63.45577692985535,267.7744082957506,88.21324206143618,2300.7684823274612,0.03
13/30,11/20,13600,1360000,63.450602531433105,259.8875463530421,88.18938923627138,2291.679663538933,0.0
13/30,12/20,13650,1365000,69.59907579421997,276.8030814677477,87.96014038845897,2334.8146345615387,0.02
13/30,13/20,13700,1370000,64.66232752799988,281.68478379771113,86.43256115913391,2294.8083930015564,0.0
13/30,14/20,13750,1375000,62.83311915397644,263.29254499822855,85.27814271301031,2326.291690826416,0.0
13/30,15/20,13800,1380000,65.55606245994568,277.73950911313295,87.65187189728022,2347.287689805031,0.0
13/30,16/20,13850,1385000,62.92238974571228,274.2124944999814,86.59042965620756,2329.6503353118896,0.01
13/30,17/20,13900,1390000,65.32195687294006,274.21912284195423,87.15634051710367,2375.949239015579,0.03
13/30,18/20,13950,1395000,65.98399376869202,288.09868701919913,85.13941101357341,2362.9498406648636,0.01
13/30,19/20,14000,1400000,62.75464224815369,292.76467601954937,86.42053736001253,2352.519895553589,0.0
14/30,0/20,14050,1405000,60.714946031570435,284.90336279571056,86.07444354891777,2354.127858877182,0.0
14/30,1/20,14100,1410000,66.27368235588074,268.2210406064987,86.65938759967685,2358.4102704524994,0.08
14/30,2/20,14150,1415000,61.809441566467285,273.8389848843217,88.47589520365,2362.670308828354,0.01
14/30,3/20,14200,1420000,64.74887228012085,286.99445321410894,87.53260462358594,2349.9695361852646,0.03
14/30,4/20,14250,1425000,64.99275493621826,262.48310708254576,87.60772252082825,2349.0287684202194,0.0
14/30,5/20,14300,1430000,61.40378427505493,278.0383491143584,87.91192980855703,2350.2537611722946,0.0
14/30,6/20,14350,1435000,65.38483357429504,309.2650657109916,87.598732303828,2352.0398086309433,0.0
14/30,7/20,14400,1440000,69.73481512069702,276.2948310524225,87.14843884110451,2353.166049003601,0.01
14/30,8/20,14450,1445000,63.19334053993225,276.2001016139984,88.84264763444662,2319.9174605607986,0.0
14/30,9/20,14500,1450000,66.16900205612183,273.40019004791975,90.8160723336041,2327.8173857927322,0.01
14/30,10/20,14550,1455000,62.80252146720886,272.58671459183097,88.19485872238874,2298.7743380069733,0.0
14/30,11/20,14600,1460000,61.995208501815796,286.9207736700773,88.02148720622063,2302.6168888807297,0.0
14/30,12/20,14650,1465000,66.67448496818542,267.2953673824668,87.82557031139731,2293.0565441846848,0.0
14/30,13/20,14700,1470000,61.79807209968567,291.509538680315,87.11408517882228,2299.2380250692368,0.02
14/30,14/20,14750,1475000,62.076030254364014,264.85246051102877,86.89932477846742,2312.122799038887,0.04
14/30,15/20,14800,1480000,66.98609638214111,277.7279763519764,87.31946512311697,2302.00000667572,0.07
14/30,16/20,14850,1485000,61.82109260559082,287.3084981441498,87.29210342466831,2317.6788400411606,0.0
14/30,17/20,14900,1490000,61.44459342956543,258.6840702369809,87.32298268377781,2320.22102022171,0.0
14/30,18/20,14950,1495000,65.40134477615356,290.94965817034245,86.89104114845395,2329.4640533924103,0.0
14/30,19/20,15000,1500000,62.25971174240112,281.07004721462727,87.64528544992208,2317.0012724399567,0.01
15/30,0/20,15050,1505000,59.81885313987732,270.986185118556,87.5670157968998,2357.910262823105,0.0
15/30,1/20,15100,1510000,63.98714900016785,282.5556477382779,87.08520190790296,2336.0203572511673,0.01
15/30,2/20,15150,1515000,61.789246559143066,279.30371145904064,86.36670261994004,2327.8683354854584,0.04
15/30,3/20,15200,1520000,61.30824375152588,260.18981486558914,87.49251978099346,2274.4480650424957,0.01
15/30,4/20,15250,1525000,67.11796164512634,293.3711704686284,88.0987898632884,2269.869799852371,0.07
15/30,5/20,15300,1530000,62.98269081115723,240.074376873672,89.77705678343773,2249.9414393901825,0.0
15/30,6/20,15350,1535000,63.547895193099976,268.87343783676624,89.3811856135726,2303.8008580207825,0.16
15/30,7/20,15400,1540000,67.05540227890015,259.98579040169716,90.10717761516571,2322.7192372083664,0.0
15/30,8/20,15450,1545000,62.50788903236389,267.35744477808475,89.46933728456497,2350.977145552635,0.05
15/30,9/20,15500,1550000,61.99439454078674,288.26838010549545,87.76375307515264,2350.541986465454,0.03
15/30,10/20,15550,1555000,67.7129716873169,277.7180264517665,87.83320006355643,2346.8152306079865,0.0
15/30,11/20,15600,1560000,62.597285985946655,288.19426534324884,88.1737133525312,2352.048279285431,0.04
15/30,12/20,15650,1565000,63.030409812927246,259.7593586444855,87.02643642947078,2316.6392982006073,0.04
15/30,13/20,15700,1570000,67.95192217826843,281.1061863899231,86.54776263982058,2314.0249205827713,0.0
15/30,14/20,15750,1575000,62.96122670173645,262.57613744586706,86.56153483316302,2309.224416255951,0.0
15/30,15/20,15800,1580000,62.46501111984253,244.42333276942372,87.19054329022765,2355.573573946953,0.03
15/30,16/20,15850,1585000,67.41480374336243,283.1210646107793,87.22907362878323,2332.8600554466248,0.02
15/30,17/20,15900,1590000,63.0857720375061,290.22502068430185,86.24362274631858,2318.6604923009872,0.05
15/30,18/20,15950,1595000,65.69148063659668,310.164280988276,85.89707732200623,2281.846862435341,0.0
15/30,19/20,16000,1600000,68.0444495677948,295.26800283044577,85.64192733168602,2343.585398554802,0.01
16/30,0/20,16050,1605000,61.768579959869385,305.0434768348932,87.22029204294086,2329.7388668060303,0.0
16/30,1/20,16100,1610000,63.66288375854492,279.069771759212,88.08525608479977,2320.966606736183,0.02
16/30,2/20,16150,1615000,66.81430006027222,263.00924152880907,87.40871622413397,2339.5649297237396,0.05
16/30,3/20,16200,1620000,63.29916071891785,281.3539140149951,89.36338798701763,2305.3147325515747,0.02
16/30,4/20,16250,1625000,67.83147358894348,251.1732891201973,88.28957819193602,2309.90478181839,0.07
16/30,5/20,16300,1630000,66.9271183013916,288.86095064133406,89.68704545870423,2284.90477001667,0.11
16/30,6/20,16350,1635000,64.75819325447083,275.1750022098422,88.74383778870106,2257.285739183426,0.03
16/30,7/20,16400,1640000,67.6622428894043,268.38212848454714,88.94176054000854,2299.143311023712,0.0
16/30,8/20,16450,1645000,66.59269523620605,259.19226890802383,88.96404495835304,2252.293975353241,0.07
16/30,9/20,16500,1650000,64.46255159378052,256.6421516239643,87.12417179718614,2269.715134501457,0.05
16/30,10/20,16550,1655000,67.93140745162964,250.6376926973462,87.96764177829027,2289.2993342876434,0.09
16/30,11/20,16600,1660000,63.595848083496094,271.37208983302116,87.8279600404203,2311.67846095562,0.03
16/30,12/20,16650,1665000,64.59477424621582,294.67264829576015,88.21419972926378,2321.2395124435425,0.04
16/30,13/20,16700,1670000,69.87842965126038,303.5621764101088,88.21637336537242,2281.4745001792908,0.09
16/30,14/20,16750,1675000,63.60500240325928,288.6568943411112,85.68791768327355,2268.3606054782867,0.07
16/30,15/20,16800,1680000,63.97947120666504,287.49533738195896,85.62520355731249,2259.070588707924,0.02
16/30,16/20,16850,1685000,67.76942324638367,287.90823289752007,86.11678777262568,2266.2758165597916,0.02
16/30,17/20,16900,1690000,63.36326241493225,282.21272576600313,86.55735868960619,2258.3390548229218,0.01
16/30,18/20,16950,1695000,66.39617562294006,287.01979937404394,86.85554534941912,2256.5444926023483,0.03
16/30,19/20,17000,1700000,67.45590543746948,325.36450113356113,88.06934797018766,2270.804093837738,0.05
17/30,0/20,17050,1705000,64.83056545257568,305.7222746834159,87.7517736107111,2263.343444466591,0.08
17/30,1/20,17100,1710000,67.56745338439941,272.29683043807745,86.1469818353653,2291.728089570999,0.08
17/30,2/20,17150,1715000,67.0894045829773,325.98732287436724,86.39930431172252,2314.2844491004944,0.05
17/30,3/20,17200,1720000,63.89953660964966,269.1993642784655,86.46997195109725,2282.8180660009384,0.05
17/30,4/20,17250,1725000,66.61436820030212,290.34717132896185,86.60964009910822,2294.5041457414627,0.03
17/30,5/20,17300,1730000,64.77545547485352,301.8662338331342,85.87984372675419,2290.1575800180435,0.07
17/30,6/20,17350,1735000,63.132460594177246,279.53969299793243,85.22382371872663,2319.4963372945786,0.11
17/30,7/20,17400,1740000,68.24688744544983,294.5711473226547,85.9599583670497,2360.688193678856,0.11
17/30,8/20,17450,1745000,63.128605365753174,282.5903984978795,85.67127127572894,2353.81769323349,0.08
17/30,9/20,17500,1750000,62.54062247276306,254.35820541530848,86.86929536610842,2352.7177304029465,0.16
17/30,10/20,17550,1755000,68.54177141189575,308.4036140963435,88.38660742715001,2298.705677509308,0.11
17/30,11/20,17600,1760000,65.44694328308105,277.731194190681,86.85823981463909,2296.021963953972,0.07
17/30,12/20,17650,1765000,63.591909646987915,265.1653990931809,86.2878854200244,2309.658195734024,0.06
17/30,13/20,17700,1770000,68.62573575973511,297.0905796661973,85.75023781880736,2298.2659385204315,0.15
17/30,14/20,17750,1775000,62.487589836120605,275.5604807883501,85.16138483583927,2346.5172616243362,0.05
17/30,15/20,17800,1780000,64.23234248161316,263.86697198450565,87.48900660127401,2317.6106749773026,0.06
17/30,16/20,17850,1785000,67.44906830787659,326.9130728766322,88.14762508869171,2309.166977286339,0.05
17/30,17/20,17900,1790000,62.50735926628113,318.9324192479253,87.43927598372102,2317.6688508987427,0.07
17/30,18/20,17950,1795000,64.39762544631958,264.59680461138487,87.49350032582879,2319.6737945079803,0.04
17/30,19/20,18000,1800000,66.08820724487305,313.67829060554504,88.17151363193989,2281.415782690048,0.08
18/30,0/20,18050,1805000,62.26957082748413,260.64132176339626,90.60901313275099,2318.1296187639236,0.21
18/30,1/20,18100,1810000,64.06112337112427,280.8349901661277,88.21404395624995,2299.4249559640884,0.1
18/30,2/20,18150,1815000,66.86972165107727,286.1767103150487,87.55846652761102,2268.544937849045,0.08
18/30,3/20,18200,1820000,62.25261116027832,293.67346392571926,87.78560710698366,2280.4563455581665,0.05
18/30,4/20,18250,1825000,66.03202438354492,309.6715685427189,88.75386979430914,2287.91958963871,0.08
18/30,5/20,18300,1830000,65.98236846923828,309.3406280204654,88.1833455748856,2282.0550175905228,0.06
18/30,6/20,18350,1835000,63.22697877883911,301.2426638454199,88.12874551862478,2295.689171433449,0.02
18/30,7/20,18400,1840000,67.20447087287903,361.5173517689109,88.91591699421406,2298.3601841926575,0.02
18/30,8/20,18450,1845000,63.10807967185974,310.8306317701936,87.9154164865613,2308.41619181633,0.05
18/30,9/20,18500,1850000,61.835638761520386,279.5216389745474,87.06527183577418,2351.619785428047,0.0
18/30,10/20,18550,1855000,65.99593710899353,307.06095940619707,89.85625413060188,2370.231584787369,0.06
18/30,11/20,18600,1860000,62.51954197883606,298.6651896312833,89.26945826411247,2370.278136730194,0.07
18/30,12/20,18650,1865000,62.04305911064148,267.4246756732464,88.99075413122773,2395.12138235569,0.05
18/30,13/20,18700,1870000,66.85773086547852,311.36894143372774,90.70646537095308,2416.2600289583206,0.07
18/30,14/20,18750,1875000,64.41977715492249,297.0974538475275,91.00212225317955,2429.3266013860703,0.12
18/30,15/20,18800,1880000,62.64340281486511,311.5621426999569,90.98930751904845,2434.2947895526886,0.04
18/30,16/20,18850,1885000,67.59684467315674,293.49225890636444,91.16557444632053,2450.6258162260056,0.17
18/30,17/20,18900,1890000,63.65727877616882,306.4169969782233,91.26050113514066,2506.214033961296,0.06
18/30,18/20,18950,1895000,63.39647102355957,292.6431059911847,93.30747748911381,2521.8199907541275,0.15
18/30,19/20,19000,1900000,69.16479706764221,332.33809527009726,94.17990143597126,2542.5420224666595,0.15
19/30,0/20,19050,1905000,63.14203882217407,349.39918415248394,95.62257493287325,2538.9620158672333,0.12
19/30,1/20,19100,1910000,64.59912705421448,310.92038471996784,96.79441122710705,2562.5305658578873,0.09
19/30,2/20,19150,1915000,65.03016805648804,326.15618915110826,97.83965411037207,2550.1204682588577,0.1
19/30,3/20,19200,1920000,59.385448932647705,305.9051524028182,98.67152684181929,2566.099304318428,0.12
19/30,4/20,19250,1925000,61.118549823760986,331.82052716612816,98.07323540747166,2591.4848399162292,0.06
19/30,5/20,19300,1930000,68.3794949054718,364.7251311093569,99.60606607794762,2599.20430123806,0.05
19/30,6/20,19350,1935000,61.86150789260864,323.7729021012783,100.27128108590841,2621.5252269506454,0.06
19/30,7/20,19400,1940000,62.24717736244202,334.1340403854847,99.85688903927803,2613.593706727028,0.17
19/30,8/20,19450,1945000,64.95248174667358,318.1205129176378,100.71578069776297,2624.227943301201,0.16
19/30,9/20,19500,1950000,61.083261013031006,321.1812542453408,100.71365851908922,2665.1008714437485,0.31
19/30,10/20,19550,1955000,62.60552716255188,291.07752238214016,101.48148515075445,2701.774113535881,0.33
19/30,11/20,19600,1960000,64.41663575172424,331.6687600836158,103.06501592695713,2748.7047411203384,0.2
19/30,12/20,19650,1965000,58.55829405784607,308.0364805236459,102.64067519456148,2784.9335038661957,0.38
19/30,13/20,19700,1970000,59.92418885231018,336.82618813216686,101.71486154943705,2845.1473433971405,0.34
19/30,14/20,19750,1975000,63.86490726470947,332.40043192356825,103.67093998938799,2863.7075939178467,0.28
19/30,15/20,19800,1980000,58.93661069869995,305.7452147230506,105.14691922813654,2868.800454735756,0.34
19/30,16/20,19850,1985000,61.17676615715027,329.81723826378584,105.74574761837721,2889.8355185985565,0.33
19/30,17/20,19900,1990000,66.9928457736969,334.89996844530106,107.59696713835001,2933.090889453888,0.36
19/30,18/20,19950,1995000,60.1476731300354,352.0188929513097,108.23213295638561,2938.6645406484604,0.36
19/30,19/20,20000,2000000,60.03758716583252,335.67836567014456,108.4640326499939,2979.810958147049,0.34
20/30,0/20,20050,2005000,65.41166925430298,374.7515916675329,108.91013674438,3045.3416726589203,0.38
20/30,1/20,20100,2010000,61.87351846694946,359.36401522904634,108.87682682275772,3067.1258170604706,0.43
20/30,2/20,20150,2015000,58.83235239982605,335.5938866659999,107.49306513369083,3069.3477650880814,0.49
20/30,3/20,20200,2020000,64.40867829322815,352.2419794052839,108.73254111409187,3115.3533350229263,0.34
20/30,4/20,20250,2025000,59.40422821044922,340.9612217396498,109.07734388113022,3138.734795331955,0.34
20/30,5/20,20300,2030000,58.66503834724426,371.3329867273569,110.42708960175514,3128.9883925914764,0.41
20/30,6/20,20350,2035000,63.41410803794861,368.5618559420109,111.9469970986247,3164.1221047639847,0.33
20/30,7/20,20400,2040000,59.25607872009277,383.3622858300805,113.58650263398886,3225.277672290802,0.39
20/30,8/20,20450,2045000,58.81348156929016,357.4744628891349,113.68712122738361,3208.557437181473,0.29
20/30,9/20,20500,2050000,63.6329824924469,348.14077588915825,114.03289020061493,3223.882858991623,0.47
20/30,10/20,20550,2055000,60.217159032821655,335.2008144557476,112.25927867740393,3279.2294294834137,0.36
20/30,11/20,20600,2060000,59.264121532440186,316.1150532886386,113.9609202966094,3351.2313945293427,0.46
20/30,12/20,20650,2065000,65.390784740448,345.29857705533504,115.29098282754421,3352.6799943447113,0.37
20/30,13/20,20700,2070000,59.604530572891235,369.31824423372746,115.3479223921895,3408.6294400691986,0.4
20/30,14/20,20750,2075000,59.018184661865234,357.8589145243168,115.83494124561548,3434.560462474823,0.47
20/30,15/20,20800,2080000,63.03338837623596,365.18206626176834,114.70178124308586,3439.5550928115845,0.39
20/30,16/20,20850,2085000,59.04899549484253,369.2634752690792,116.72107563912868,3465.1695811748505,0.52
20/30,17/20,20900,2090000,58.59964179992676,328.10800148546696,115.36563036590815,3473.01961517334,0.41
20/30,18/20,20950,2095000,60.94337296485901,339.1841880083084,117.60982568562031,3500.9365389347076,0.45
20/30,19/20,21000,2100000,59.91654872894287,349.0922116190195,118.43249222636223,3538.622006416321,0.48
21/30,0/20,21050,2105000,57.6922504901886,344.37050457298756,119.39085400104523,3600.5342185497284,0.53
21/30,1/20,21100,2110000,60.510493993759155,340.7006393522024,119.06425616890192,3593.6822695732117,0.44
21/30,2/20,21150,2115000,62.272674798965454,339.33569376915693,120.26901627331972,3664.3435249328613,0.39
21/30,3/20,21200,2120000,59.08109140396118,358.75001376122236,117.82451190054417,3687.2620220184326,0.41
21/30,4/20,21250,2125000,62.11328125,329.79075326770544,119.08476959913969,3683.2788338661194,0.42
21/30,5/20,21300,2130000,63.26745963096619,350.50109419226646,118.42399741709232,3717.593167066574,0.28
21/30,6/20,21350,2135000,58.7348518371582,330.43064115196466,116.58527591079473,3767.5602884292603,0.57
21/30,7/20,21400,2140000,59.84602427482605,335.68985882401466,115.36050464957952,3829.11634349823,0.49
21/30,8/20,21450,2145000,62.62525391578674,341.53347966074944,117.56764101237059,3849.141487121582,0.46
21/30,9/20,21500,2150000,58.21357750892639,352.7319524511695,118.26624408364296,3922.350879430771,0.38
21/30,10/20,21550,2155000,59.611804485321045,332.9673405736685,118.05443367362022,3931.3920936584473,0.47
21/30,11/20,21600,2160000,62.50693321228027,331.20228300243616,116.57804501801729,3951.049785375595,0.4
21/30,12/20,21650,2165000,58.887778997421265,360.368464641273,118.9745345339179,4015.829409122467,0.39
21/30,13/20,21700,2170000,58.56634068489075,338.3573607057333,117.55214811861515,4061.9777734279633,0.41
21/30,14/20,21750,2175000,63.39307641983032,328.89098108559847,117.5865361765027,4129.876419305801,0.42
21/30,15/20,21800,2180000,59.69878435134888,340.83034098893404,119.95453304052353,4120.6204788684845,0.29
21/30,16/20,21850,2185000,58.12019371986389,316.28344709426165,121.31952342391014,4140.341325759888,0.46
21/30,17/20,21900,2190000,63.46517252922058,334.57278191298246,122.00403268635273,4213.433435916901,0.41
21/30,18/20,21950,2195000,58.81279683113098,340.84636870771646,122.1672129034996,4233.956052303314,0.33
21/30,19/20,22000,2200000,58.40003514289856,361.1737556308508,121.55613154172897,4285.058223724365,0.36
22/30,0/20,22050,2205000,63.885172605514526,343.765239328146,120.60721638053656,4318.177331447601,0.37
22/30,1/20,22100,2210000,60.417404890060425,365.6326716095209,123.35224322974682,4353.048352479935,0.36
22/30,2/20,22150,2215000,59.923046588897705,364.9524394720793,122.86689283698797,4373.421348571777,0.35
22/30,3/20,22200,2220000,63.311187744140625,372.97722824662924,122.54467569291592,4437.30194067955,0.36
22/30,4/20,22250,2225000,60.56890869140625,349.14293816685677,121.66781831532717,4501.344652414322,0.46
22/30,5/20,22300,2230000,59.89888262748718,317.84772657603025,119.72051161527634,4544.64345908165,0.27
22/30,6/20,22350,2235000,64.05774307250977,358.6305323690176,122.71498607099056,4572.055686712265,0.38
22/30,7/20,22400,2240000,59.88088798522949,325.00579623878,122.40785291790962,4616.064459323883,0.39
22/30,8/20,22450,2245000,58.76071572303772,343.4602892845869,120.41244211792946,4621.717580080032,0.51
22/30,9/20,22500,2250000,62.56764316558838,348.56649382412434,122.38892334699631,4679.862395524979,0.4
22/30,10/20,22550,2255000,60.6993625164032,321.00703567266464,124.36371487379074,4700.10005903244,0.35
22/30,11/20,22600,2260000,59.0154755115509,316.291751883924,122.7866637930274,4746.166253328323,0.47
22/30,12/20,22650,2265000,62.177685499191284,328.27691649645567,124.2409466356039,4768.056183576584,0.35
22/30,13/20,22700,2270000,60.84150052070618,324.53551606088877,124.06947880238295,4766.489025592804,0.41
22/30,14/20,22750,2275000,58.4836220741272,330.11756175011396,127.0575112849474,4766.72500872612,0.4
22/30,15/20,22800,2280000,61.0606586933136,315.50772850960493,124.2574447914958,4822.7466452121735,0.44
22/30,16/20,22850,2285000,61.60725545883179,315.3392917737365,126.41689439117908,4863.003363370895,0.48
22/30,17/20,22900,2290000,59.428290605545044,354.92160166054964,126.5175781622529,4826.52596282959,0.35
22/30,18/20,22950,2295000,61.5207085609436,315.58192157000303,129.03826808184385,4820.708097696304,0.4
22/30,19/20,23000,2300000,62.902729988098145,317.6803485006094,131.4208935201168,4811.824316501617,0.34
23/30,0/20,23050,2305000,58.36368179321289,344.4747371673584,129.61412978172302,4812.719834089279,0.41
23/30,1/20,23100,2310000,59.21048545837402,329.04366521537304,132.43823980540037,4758.220731258392,0.43
23/30,2/20,23150,2315000,61.60270810127258,333.40969809144735,133.22149522602558,4687.141896247864,0.4
23/30,3/20,23200,2320000,56.875077962875366,345.2508882731199,130.25351255387068,4661.868846178055,0.36
23/30,4/20,23250,2325000,56.75424122810364,372.4656604230404,132.23822087049484,4652.593519926071,0.4
23/30,5/20,23300,2330000,62.40850329399109,347.1863059550524,134.13365537673235,4601.650540590286,0.48
23/30,6/20,23350,2335000,58.60428285598755,359.32542189210653,133.63382256776094,4579.830268383026,0.39
23/30,7/20,23400,2340000,57.86791396141052,377.80542005598545,131.65731903910637,4480.666167259216,0.35
23/30,8/20,23450,2345000,64.11091876029968,349.4485200792551,130.43104562163353,4478.1409368515015,0.38
23/30,9/20,23500,2350000,59.68029856681824,343.181145131588,130.11661583930254,4538.4932181835175,0.38
23/30,10/20,23550,2355000,58.48886752128601,366.1749093309045,127.16495249420404,4568.372176408768,0.38
23/30,11/20,23600,2360000,62.96182203292847,357.13572776317596,127.76185517013073,4609.945463657379,0.37
23/30,12/20,23650,2365000,58.920087575912476,354.4397811591625,124.84953152388334,4666.486319065094,0.37
23/30,13/20,23700,2370000,59.1635377407074,349.0311006382108,126.33614852279425,4716.624816417694,0.47
23/30,14/20,23750,2375000,63.72804641723633,344.9297786951065,126.43316596001387,4792.826772451401,0.45
23/30,15/20,23800,2380000,59.738739252090454,314.3664564192295,127.53841635584831,4789.566954612732,0.42
23/30,16/20,23850,2385000,60.26138234138489,324.62554408609867,124.04523678869009,4866.589595794678,0.32
23/30,17/20,23900,2390000,63.65354251861572,335.278430737555,125.25494492053986,4957.842440366745,0.34
23/30,18/20,23950,2395000,60.21495509147644,317.58377331495285,123.23351456224918,4965.497044801712,0.34
23/30,19/20,24000,2400000,58.99322056770325,321.37783417105675,123.21254766732454,5028.046008348465,0.47
24/30,0/20,24050,2405000,62.96588087081909,304.0448670387268,125.04408501088619,5043.47865152359,0.4
24/30,1/20,24100,2410000,60.40099310874939,331.57399559020996,125.50198014825583,5072.561649799347,0.32
24/30,2/20,24150,2415000,59.536240577697754,341.33719696849585,128.75209665298462,5098.47970032692,0.36
24/30,3/20,24200,2420000,63.26113033294678,337.55990136414766,133.84785639494658,5080.565649986267,0.37
24/30,4/20,24250,2425000,61.801047563552856,342.8225602656603,136.04148261994123,5071.800882816315,0.46
24/30,5/20,24300,2430000,59.45692181587219,333.9843316525221,133.6016225218773,5044.7123782634735,0.39
24/30,6/20,24350,2435000,60.38287806510925,320.82627350091934,132.4058597162366,5018.138465642929,0.36
24/30,7/20,24400,2440000,59.248523235321045,316.53062545508146,131.42140758782625,5028.221787214279,0.52
24/30,8/20,24450,2445000,56.94426441192627,311.0157897248864,128.10291957855225,5041.115890979767,0.43
24/30,9/20,24500,2450000,58.6004159450531,301.4713648930192,127.57454065233469,5065.667865276337,0.43
24/30,10/20,24550,2455000,61.55043888092041,296.9120907559991,126.5306909903884,5079.355459451675,0.43
24/30,11/20,24600,2460000,57.67137360572815,309.8060414046049,126.47242106497288,5124.852711200714,0.34
24/30,12/20,24650,2465000,58.74210238456726,326.36392137408257,128.6960502192378,5194.847931861877,0.47
24/30,13/20,24700,2470000,62.886374711990356,333.55313016474247,130.90131668001413,5174.895643234253,0.46
24/30,14/20,24750,2475000,57.52489137649536,336.0490374416113,131.14826991409063,5179.90580868721,0.47
24/30,15/20,24800,2480000,58.53403186798096,324.6794429644942,130.12237895280123,5196.752544164658,0.56
24/30,16/20,24850,2485000,63.10478639602661,331.0197127684951,130.99243984371424,5216.324187040329,0.55
24/30,17/20,24900,2490000,58.174870014190674,311.14208187162876,132.01116654276848,5215.95498752594,0.5
24/30,18/20,24950,2495000,58.32160210609436,328.50770753622055,132.70723105221987,5261.18502831459,0.47
24/30,19/20,25000,2500000,65.26116728782654,317.419445425272,133.87950766831636,5283.788904666901,0.47
25/30,0/20,25050,2505000,61.42688059806824,312.45120284706354,136.9104538410902,5295.19477057457,0.39
25/30,1/20,25100,2510000,60.409358501434326,315.576548025012,136.5559340789914,5264.799812555313,0.48
25/30,2/20,25150,2515000,64.89739203453064,319.55207558721304,134.53114983439445,5281.703575372696,0.4
25/30,3/20,25200,2520000,59.35135865211487,320.8510069400072,136.54133641719818,5307.501868486404,0.44
25/30,4/20,25250,2525000,58.334020137786865,343.1184901446104,138.2911108583212,5272.345373392105,0.44
25/30,5/20,25300,2530000,63.396430015563965,320.0247404873371,137.45106383413076,5279.439209222794,0.41
25/30,6/20,25350,2535000,59.75775194168091,353.04563564807177,134.3315328285098,5239.842711925507,0.44
25/30,7/20,25400,2540000,58.91065955162048,315.67970272153616,133.78894129395485,5310.09561085701,0.4
25/30,8/20,25450,2545000,62.847100496292114,307.936625264585,132.23288690298796,5300.859261751175,0.4
25/30,9/20,25500,2550000,59.193777322769165,332.54088843613863,132.58044826239347,5301.337309837341,0.48
25/30,10/20,25550,2555000,58.15135884284973,333.49787785857916,131.22599057853222,5375.340815782547,0.47
25/30,11/20,25600,2560000,62.75065565109253,327.91112875938416,129.74412493407726,5380.082926273346,0.44
25/30,12/20,25650,2565000,59.55426859855652,319.34450347721577,130.82420685887337,5436.257295131683,0.4
25/30,13/20,25700,2570000,57.99531269073486,328.1059255376458,131.07694052904844,5482.4701426029205,0.48
25/30,14/20,25750,2575000,61.495460510253906,321.4363908395171,130.98951011151075,5531.871982097626,0.46
25/30,15/20,25800,2580000,59.57017636299133,310.630462795496,129.51298980414867,5552.913710832596,0.52
25/30,16/20,25850,2585000,58.59040379524231,314.04305239766836,129.1473645195365,5604.35527920723,0.39
25/30,17/20,25900,2590000,61.024887800216675,300.0650934726,131.424220867455,5611.741085767746,0.44
25/30,18/20,25950,2595000,61.10314130783081,316.40211041271687,133.47023326903582,5630.238663673401,0.44
25/30,19/20,26000,2600000,57.75176429748535,325.52298410236835,130.58871725201607,5705.658270359039,0.49
26/30,0/20,26050,2605000,59.78311014175415,301.6936707571149,130.30117377638817,5712.456925392151,0.48
26/30,1/20,26100,2610000,62.227457761764526,288.79373720288277,129.79370918124914,5700.05547451973,0.47
26/30,2/20,26150,2615000,58.08404469490051,300.97568522393703,131.27341723442078,5752.520310163498,0.34
26/30,3/20,26200,2620000,59.85773587226868,285.6482262760401,131.73209676146507,5784.847612857819,0.32
26/30,4/20,26250,2625000,63.46986675262451,293.9560797959566,133.91667495667934,5817.864803552628,0.39
26/30,5/20,26300,2630000,58.97078227996826,285.71806836128235,132.12018205970526,5770.224780797958,0.33
26/30,6/20,26350,2635000,58.93771767616272,296.639099419117,131.76081693172455,5815.55456161499,0.36
26/30,7/20,26400,2640000,62.7432804107666,290.9840861707926,133.81455118954182,5858.39061832428,0.36
26/30,8/20,26450,2645000,57.105544328689575,298.8309859111905,134.5670282319188,5860.0045800209045,0.55
26/30,9/20,26500,2650000,58.907742500305176,302.9373302012682,134.85805540531874,5832.736659049988,0.4
26/30,10/20,26550,2655000,63.545713901519775,302.3562859669328,134.42864752560854,5861.413847446442,0.43
26/30,11/20,26600,2660000,58.28778958320618,286.44500751793385,133.35684060305357,5828.4749846458435,0.45
26/30,12/20,26650,2665000,58.07566785812378,283.59029337763786,132.7168347015977,5935.482330799103,0.47
26/30,13/20,26700,2670000,62.99807858467102,277.583305798471,132.81563058495522,5909.662842750549,0.39
26/30,14/20,26750,2675000,58.37838578224182,278.3811288625002,136.28728989511728,5972.223477840424,0.41
26/30,15/20,26800,2680000,57.744231939315796,268.3714359551668,136.79206889867783,5957.051662445068,0.37
26/30,16/20,26850,2685000,62.874370098114014,275.79319163411856,138.5071112588048,5981.185258865356,0.46
26/30,17/20,26900,2690000,59.10292625427246,278.55561446398497,139.82349803298712,5959.993983030319,0.5
26/30,18/20,26950,2695000,57.71949887275696,261.8435379937291,137.53182446211576,5929.250307559967,0.55
26/30,19/20,27000,2700000,61.04465913772583,271.4973189458251,138.02613504976034,5952.154983043671,0.4
27/30,0/20,27050,2705000,59.1733775138855,268.90780329704285,140.49966330826283,5952.036359548569,0.48
27/30,1/20,27100,2710000,58.03583073616028,267.5392790809274,140.20925578474998,5953.2277138233185,0.37
27/30,2/20,27150,2715000,61.101067304611206,262.4745858684182,139.3093038573861,5938.689448833466,0.45
27/30,3/20,27200,2720000,61.38208079338074,253.7386838272214,139.117715254426,5910.5822949409485,0.46
27/30,4/20,27250,2725000,58.19121837615967,272.3261737599969,141.21642177551985,5956.240307331085,0.4
27/30,5/20,27300,2730000,59.43947458267212,274.4975799396634,142.18165443837643,5916.717252731323,0.39
27/30,6/20,27350,2735000,62.193005084991455,265.8333006873727,143.03920709341764,5886.908716201782,0.45
27/30,7/20,27400,2740000,58.468881130218506,268.1134887486696,144.08687957376242,5890.3816928863525,0.51
27/30,8/20,27450,2745000,59.158100843429565,276.93548326939344,143.78652085363865,5879.166232585907,0.44
27/30,9/20,27500,2750000,64.01303291320801,281.577635653317,145.05252238363028,5845.627742290497,0.54
27/30,10/20,27550,2755000,59.24779987335205,286.73862747102976,141.2792445346713,5893.035757064819,0.48
27/30,11/20,27600,2760000,60.006285190582275,270.95850633084774,140.79982316493988,5893.104533672333,0.33
27/30,12/20,27650,2765000,63.494959115982056,287.3006102144718,137.70284885913134,5900.774681091309,0.5
27/30,13/20,27700,2770000,58.63098359107971,275.4263969287276,138.25436298549175,5982.115714073181,0.48
27/30,14/20,27750,2775000,59.404327630996704,261.17599826306105,135.61261086165905,5990.500063896179,0.34
27/30,15/20,27800,2780000,63.36978101730347,271.0499300211668,134.48233325779438,6056.135918140411,0.39
27/30,16/20,27850,2785000,58.41736340522766,266.8339746966958,135.69231180101633,6062.063807487488,0.47
27/30,17/20,27900,2790000,58.50498008728027,267.2965484857559,133.20335575193167,6102.94850730896,0.37
27/30,18/20,27950,2795000,62.589797496795654,246.99281539022923,131.93860469013453,6185.105717658997,0.38
27/30,19/20,28000,2800000,57.64858531951904,265.35847805440426,133.66858542710543,6178.212992668152,0.35
28/30,0/20,28050,2805000,57.519137382507324,274.1254744976759,132.5402453020215,6289.586896896362,0.38
28/30,1/20,28100,2810000,61.27889895439148,265.910963088274,133.8794001042843,6302.809950828552,0.39
28/30,2/20,28150,2815000,58.584996938705444,264.00812381505966,136.0128074735403,6320.86244058609,0.4
28/30,3/20,28200,2820000,57.455971240997314,272.40044209361076,137.8824357315898,6389.458834648132,0.37
28/30,4/20,28250,2825000,61.84043097496033,256.98089027404785,136.98028809577227,6365.243708610535,0.46
28/30,5/20,28300,2830000,59.982722997665405,268.2616199105978,138.9490007981658,6344.552506685257,0.44
28/30,6/20,28350,2835000,59.356202363967896,258.8356900140643,138.81173456460238,6363.440618991852,0.5
28/30,7/20,28400,2840000,62.17128539085388,247.68333953619003,138.0849018469453,6422.327309131622,0.39
28/30,8/20,28450,2845000,60.194659948349,256.2735833451152,139.07224433124065,6403.823536396027,0.38
28/30,9/20,28500,2850000,58.52123165130615,262.4950604364276,136.14729107916355,6409.73740530014,0.35
28/30,10/20,28550,2855000,60.76506853103638,267.0568723604083,136.07273668795824,6472.135814666748,0.43
28/30,11/20,28600,2860000,61.37811303138733,267.3483331054449,137.92074567824602,6488.583863258362,0.48
28/30,12/20,28650,2865000,59.49871611595154,265.24824427068233,136.0751047730446,6508.625436782837,0.45
28/30,13/20,28700,2870000,60.90900492668152,241.18769861012697,134.87418228387833,6572.4489459991455,0.36
28/30,14/20,28750,2875000,62.59960055351257,259.0830451026559,136.23953711241484,6631.426712989807,0.45
28/30,15/20,28800,2880000,58.7950644493103,252.39195892214775,137.80677696317434,6647.750247001648,0.48
28/30,16/20,28850,2885000,59.27399039268494,243.23138665407896,134.7185579687357,6642.926759719849,0.35
28/30,17/20,28900,2890000,63.00502920150757,250.93157400935888,136.4969877898693,6639.489669799805,0.43
28/30,18/20,28950,2895000,58.21982955932617,253.6574077308178,136.46237657219172,6646.446184635162,0.37
28/30,19/20,29000,2900000,58.618921995162964,248.69812533259392,134.96176769584417,6741.309416294098,0.43
29/30,0/20,29050,2905000,62.43854093551636,252.36319389939308,136.9885754585266,6670.762910366058,0.54
29/30,1/20,29100,2910000,58.34710955619812,245.79328460246325,136.84359355270863,6694.065650939941,0.47
29/30,2/20,29150,2915000,57.900949001312256,237.58884304761887,135.1147176027298,6678.597992897034,0.48
29/30,3/20,29200,2920000,63.292115211486816,249.03202491253614,136.68885912001133,6745.046139717102,0.39
29/30,4/20,29250,2925000,59.219611406326294,240.52516386657953,135.06829544901848,6723.693848609924,0.45
29/30,5/20,29300,2930000,57.734718322753906,232.45962902903557,135.75746221840382,6636.6539306640625,0.47
29/30,6/20,29350,2935000,63.03106737136841,232.021627061069,134.49873710423708,6724.164885997772,0.37
29/30,7/20,29400,2940000,58.20203495025635,244.45738520473242,132.3386819511652,6712.591840744019,0.49
29/30,8/20,29450,2945000,58.774956464767456,248.02696729451418,131.7591158375144,6750.825773715973,0.51
29/30,9/20,29500,2950000,63.048776626586914,236.43252827972174,134.04940032958984,6670.133593082428,0.44
29/30,10/20,29550,2955000,59.30387830734253,238.6646797284484,134.02915705740452,6722.690787315369,0.34
29/30,11/20,29600,2960000,58.32597017288208,239.2599323913455,134.4130413979292,6653.8835735321045,0.48
29/30,12/20,29650,2965000,62.57035493850708,249.46720449626446,134.1299010887742,6664.150661945343,0.39
29/30,13/20,29700,2970000,61.25891995429993,244.73710448294878,135.56665590405464,6627.725328445435,0.38
29/30,14/20,29750,2975000,58.325135707855225,224.87680725753307,135.46194431185722,6606.9463148117065,0.41
29/30,15/20,29800,2980000,60.45744490623474,238.51200206577778,134.63711846619844,6603.79182434082,0.48
29/30,16/20,29850,2985000,61.66839790344238,224.0155209004879,131.4431395828724,6657.617461681366,0.46
29/30,17/20,29900,2990000,57.932740449905396,228.39563224464655,126.7970702201128,6649.5203738212585,0.5
29/30,18/20,29950,2995000,60.34223794937134,219.66492262482643,128.37517629563808,6632.701457977295,0.49
29/30,19/20,30000,3000000,62.03620719909668,211.49498068541288,127.90822575986385,6667.667768001556,0.48
