Epoch,Cycle,Episodes,Timesteps,TimeCost(sec),Q_loss,Pi_q_loss,Pi_l2_loss,Success
0/30,0/20,50,5000,34.130780935287476,,,,0.0
0/30,1/20,100,10000,146.743084192276,3.7054160833358765,6.343554820865393,0.21086372225545347,0.0
0/30,2/20,150,15000,164.98856353759766,25.151230476330966,610.8420609533787,4.861367461271584,0.0
0/30,3/20,200,20000,167.35094690322876,20.42930013081059,1094.7850958108902,12.620199934346601,0.0
0/30,4/20,250,25000,167.6271231174469,32.802619986236095,1470.8177204728127,27.0734083596617,0.0
0/30,5/20,300,30000,167.7304549217224,45.47530542127788,1772.3338077068329,33.63931043539196,0.0
0/30,6/20,350,35000,169.67517685890198,58.43895763903856,2131.50779569149,34.44993506371975,0.0
0/30,7/20,400,40000,169.4899387359619,76.11094089969993,2413.866269469261,39.18942159228027,0.0
0/30,8/20,450,45000,165.06216859817505,94.64131029881537,2676.9887466430664,41.885111881420016,0.0
0/30,9/20,500,50000,165.7433795928955,112.34287972189486,2918.805466890335,51.34364032372832,0.0
0/30,10/20,550,55000,165.57987475395203,120.01564340293407,3128.7340972423553,55.69382849149406,0.0
0/30,11/20,600,60000,166.7709939479828,127.03823575936258,3371.3891863822937,57.579908683896065,0.0
0/30,12/20,650,65000,164.41791605949402,150.30390784144402,3565.6483964920044,58.31198116019368,0.0
0/30,13/20,700,70000,165.30654525756836,193.62203139439225,3776.1354954242706,65.5860620290041,0.0
0/30,14/20,750,75000,168.52550649642944,223.42281649634242,3890.7729935646057,71.85997658222914,0.0
0/30,15/20,800,80000,169.19608902931213,239.01100150495768,4013.6760292053223,74.72450675442815,0.0
0/30,16/20,850,85000,168.00880360603333,252.50328371673822,4090.356148004532,76.60361736640334,0.0
0/30,17/20,900,90000,169.94683480262756,263.80948470532894,4161.724294662476,78.98115174099803,0.0
0/30,18/20,950,95000,170.97870802879333,282.1648184135556,4191.629300117493,86.42254630103707,0.0
0/30,19/20,1000,100000,168.046080827713,333.0461994186044,4196.489903688431,93.00300669670105,0.0
1/30,0/20,1050,105000,171.78567337989807,349.6579931601882,4146.649530887604,93.31008364632726,0.0
1/30,1/20,1100,110000,172.15338706970215,357.84009151160717,4153.427921056747,93.38878194987774,0.0
1/30,2/20,1150,115000,171.87472105026245,392.18682396411896,4159.53169631958,96.63183690607548,0.01
1/30,3/20,1200,120000,172.02585172653198,396.17272117733955,4179.281439065933,103.5347731038928,0.0
1/30,4/20,1250,125000,172.16224932670593,400.42266178131104,4112.620887756348,108.27223870158195,0.0
1/30,5/20,1300,130000,171.47365593910217,429.45737467706203,4141.882165193558,106.98328382521868,0.0
1/30,6/20,1350,135000,172.28362464904785,438.64111237227917,4111.704948425293,108.7470958456397,0.0
1/30,7/20,1400,140000,169.77980852127075,454.37681686878204,4156.388162136078,113.42225675284863,0.0
1/30,8/20,1450,145000,170.3875744342804,443.0943169891834,4137.479965925217,115.03517546504736,0.02
1/30,9/20,1500,150000,173.70464992523193,441.2730124145746,4096.604280948639,119.94821285456419,0.0
1/30,10/20,1550,155000,174.66802954673767,455.655719101429,4022.2539644241333,122.49469359964132,0.0
1/30,11/20,1600,160000,170.13477516174316,491.55205841362476,3951.7124078273773,122.23911476880312,0.0
1/30,12/20,1650,165000,169.2282989025116,453.0045423656702,3868.3029203414917,122.85554050654173,0.01
1/30,13/20,1700,170000,170.8395640850067,451.78016382455826,3827.599016189575,120.63091596961021,0.0
1/30,14/20,1750,175000,173.1342737674713,453.1998547911644,3837.9102458953857,119.21734082698822,0.0
1/30,15/20,1800,180000,173.8809154033661,461.4682690948248,3800.1071565151215,121.21965247392654,0.0
1/30,16/20,1850,185000,174.58360123634338,473.9655589610338,3796.4891126155853,124.95420601963997,0.0
1/30,17/20,1900,190000,176.11864805221558,475.21387957036495,3790.3792831897736,127.2958465591073,0.0
1/30,18/20,1950,195000,172.364599943161,494.136131554842,3741.894702911377,125.81347967684269,0.0
1/30,19/20,2000,200000,175.27278780937195,477.5772076845169,3686.275956392288,125.61817552894354,0.0
2/30,0/20,2050,205000,176.87784671783447,493.9101953059435,3686.010705947876,129.1118438988924,0.0
2/30,1/20,2100,210000,178.55838894844055,480.7596420943737,3699.324069261551,123.68890739232302,0.0
2/30,2/20,2150,215000,173.30254650115967,491.44558514654636,3672.473117828369,127.41430115699768,0.0
2/30,3/20,2200,220000,174.3787899017334,482.201694175601,3615.599087715149,128.3870444148779,0.0
2/30,4/20,2250,225000,174.79014039039612,482.2057863175869,3624.772558450699,125.35901647806168,0.0
2/30,5/20,2300,230000,174.23486852645874,472.70397885143757,3607.780714035034,128.8908947557211,0.01
2/30,6/20,2350,235000,172.63529777526855,470.7491004765034,3593.6728076934814,126.7095752209425,0.0
2/30,7/20,2400,240000,172.12336468696594,435.966384857893,3542.588390827179,127.38091456890106,0.0
2/30,8/20,2450,245000,170.68695402145386,454.489692017436,3518.4598438739777,128.69417970627546,0.0
2/30,9/20,2500,250000,171.06825995445251,454.3628748804331,3511.228059053421,126.7513645067811,0.0
2/30,10/20,2550,255000,170.67041110992432,456.37780590355396,3517.4576468467712,122.0371301472187,0.0
2/30,11/20,2600,260000,167.35671877861023,416.7657378911972,3524.444415807724,122.73804999142885,0.0
2/30,12/20,2650,265000,167.71096205711365,435.4078696221113,3517.5303723812103,123.03637261688709,0.0
2/30,13/20,2700,270000,171.62636065483093,429.29200507700443,3470.942034482956,123.81702311336994,0.0
2/30,14/20,2750,275000,176.59576106071472,440.4479445517063,3480.2715656757355,123.46931293606758,0.0
2/30,15/20,2800,280000,166.96913290023804,455.12276588380337,3461.12163066864,126.4636008515954,0.0
2/30,16/20,2850,285000,167.79911708831787,447.1313231140375,3430.8978128433228,124.84157808870077,0.0
2/30,17/20,2900,290000,171.77334761619568,438.101609647274,3410.371880054474,122.39026986807585,0.0
2/30,18/20,2950,295000,173.2396800518036,414.2695327103138,3431.2498366832733,121.91811286658049,0.0
2/30,19/20,3000,300000,172.95446372032166,406.3091367930174,3432.9953002929688,121.51384243369102,0.0
3/30,0/20,3050,305000,171.61860346794128,450.2015841156244,3402.7839303016663,123.71817791461945,0.0
3/30,1/20,3100,310000,171.81573295593262,406.62878653407097,3350.33061003685,123.51241521537304,0.0
3/30,2/20,3150,315000,170.4859414100647,425.7961070537567,3332.592542886734,123.80661070346832,0.0
3/30,3/20,3200,320000,173.58313870429993,397.82956667244434,3289.0014169216156,125.84689358621836,0.0
3/30,4/20,3250,325000,172.0909662246704,399.708340972662,3243.44264626503,122.64828499406576,0.0
3/30,5/20,3300,330000,171.58955311775208,411.6910755485296,3244.0230238437653,126.62052319943905,0.0
3/30,6/20,3350,335000,171.8359353542328,393.89837597310543,3188.400619626045,125.74823076277971,0.0
3/30,7/20,3400,340000,165.96883535385132,391.0786383450031,3153.9984455108643,124.2006775662303,0.02
3/30,8/20,3450,345000,166.54947924613953,388.99829795211554,3129.9530189037323,123.86936339735985,0.0
3/30,9/20,3500,350000,169.89910364151,394.596927523613,3125.3102507591248,123.65144745260477,0.0
3/30,10/20,3550,355000,170.45622611045837,390.5546355098486,3180.2943778038025,125.00753255188465,0.0
3/30,11/20,3600,360000,171.60539555549622,395.48844224214554,3147.170670032501,124.43682827800512,0.0
3/30,12/20,3650,365000,169.01405262947083,402.36150504648685,3093.45686006546,128.9823021069169,0.0
3/30,13/20,3700,370000,169.12949991226196,397.73048797249794,3100.306391954422,131.91223836690187,0.0
3/30,14/20,3750,375000,171.42226266860962,372.80399261415005,3080.99558699131,129.55162265896797,0.0
3/30,15/20,3800,380000,170.6015601158142,380.9649244695902,3053.371777534485,130.6053440719843,0.0
3/30,16/20,3850,385000,174.06575775146484,391.83533293008804,3069.2336124181747,135.35201166570187,0.0
3/30,17/20,3900,390000,173.87848377227783,386.79326325654984,3107.5887055397034,138.69576592743397,0.0
3/30,18/20,3950,395000,171.25623750686646,405.10543352365494,3094.72114276886,142.9979579001665,0.0
3/30,19/20,4000,400000,176.226877450943,393.3554778397083,3028.972244977951,143.23999167978764,0.0
4/30,0/20,4050,405000,174.59141659736633,415.6612322628498,2985.882565140724,147.36292457580566,0.01
4/30,1/20,4100,410000,173.46503043174744,416.9060097485781,2996.3039791584015,147.84963174909353,0.0
4/30,2/20,4150,415000,174.2841613292694,414.21090729534626,3007.836852312088,151.1064256504178,0.0
4/30,3/20,4200,420000,173.60591101646423,386.5124981403351,2977.5783746242523,154.60291171818972,0.0
4/30,4/20,4250,425000,174.34178519248962,382.65608333051205,2999.568906545639,155.70250526815653,0.0
4/30,5/20,4300,430000,175.56333947181702,382.97408686578274,2964.8650505542755,155.90655003488064,0.0
4/30,6/20,4350,435000,175.6139853000641,377.8242506980896,2949.654575109482,160.77294167876244,0.0
4/30,7/20,4400,440000,173.3975431919098,384.51758074760437,2925.1270129680634,158.71926837414503,0.0
4/30,8/20,4450,445000,173.09928369522095,383.70303769409657,2940.4893436431885,157.46579153090715,0.0
4/30,9/20,4500,450000,175.38002681732178,362.0575402379036,2915.043178677559,157.41359753906727,0.01
4/30,10/20,4550,455000,174.74479794502258,368.94173543155193,2939.7067836523056,158.59239602088928,0.0
4/30,11/20,4600,460000,174.92641425132751,353.1460160911083,2946.5357360839844,157.31261307746172,0.15
4/30,12/20,4650,465000,172.38718247413635,341.28798051178455,2976.6969606876373,157.82366347312927,0.16
4/30,13/20,4700,470000,173.57908987998962,368.68476478755474,2994.7252612113953,157.99158082902431,0.11
4/30,14/20,4750,475000,173.2369921207428,354.67691545188427,2978.148392677307,160.29641638696194,0.32
4/30,15/20,4800,480000,173.40349793434143,373.5068889707327,3016.8109426498413,157.75777343660593,0.17
4/30,16/20,4850,485000,172.27975058555603,361.45121820271015,2992.6557787656784,158.09738801419735,0.09
4/30,17/20,4900,490000,172.19579696655273,386.6312200278044,3025.894284963608,161.51918852329254,0.24
4/30,18/20,4950,495000,170.4427354335785,389.34884156286716,2998.3507939577103,163.6227249801159,0.14
4/30,19/20,5000,500000,169.6630039215088,377.2981473207474,3032.3130090236664,162.97194281220436,0.31
5/30,0/20,5050,505000,169.9810869693756,373.2790439426899,3071.5813670158386,163.30668415129185,0.36
5/30,1/20,5100,510000,173.37899327278137,359.5075119435787,3069.024487257004,162.49563248455524,0.35
5/30,2/20,5150,515000,179.26199316978455,363.7432434260845,3149.7526273727417,162.60067881643772,0.1
5/30,3/20,5200,520000,170.11425805091858,368.41354601085186,3163.0478616952896,162.5466593503952,0.42
5/30,4/20,5250,525000,169.86225152015686,357.6710784137249,3221.0727365016937,164.65472899377346,0.33
5/30,5/20,5300,530000,170.95541548728943,368.13130617141724,3212.927265882492,163.0515092164278,0.18
5/30,6/20,5350,535000,170.61861157417297,373.1569489389658,3219.634691953659,164.55315601825714,0.35
5/30,7/20,5400,540000,171.72752499580383,383.6090379059315,3266.576955795288,164.09900772571564,0.24
5/30,8/20,5450,545000,172.88392877578735,386.41466821730137,3258.377601623535,163.17793668806553,0.33
5/30,9/20,5500,550000,172.2156069278717,384.6214307844639,3255.99782204628,165.90780943632126,0.25
5/30,10/20,5550,555000,171.2542564868927,368.5096401423216,3274.8325374126434,166.53318117558956,0.36
5/30,11/20,5600,560000,172.1920325756073,397.50352281332016,3275.974133491516,164.34307944774628,0.28
5/30,12/20,5650,565000,171.70620942115784,419.0473366677761,3316.7223398685455,162.64014193415642,0.35
5/30,13/20,5700,570000,171.5996277332306,399.27058973908424,3331.7384083271027,162.7682354748249,0.24
5/30,14/20,5750,575000,170.78837299346924,384.63512717187405,3409.8038568496704,164.09467947483063,0.38
5/30,15/20,5800,580000,170.96225833892822,388.4979252368212,3391.118812561035,163.52764923870564,0.17
5/30,16/20,5850,585000,172.49032950401306,412.43790301680565,3439.6009685993195,166.20703326165676,0.34
5/30,17/20,5900,590000,58.04018521308899,416.22840216755867,3503.3222963809967,163.89265847206116,0.34
5/30,18/20,5950,595000,57.85658407211304,435.412514090538,3508.081233739853,164.30334496498108,0.36
5/30,19/20,6000,600000,62.38014101982117,414.1863075941801,3570.2146394252777,164.17596966028214,0.28
6/30,0/20,6050,605000,57.792529344558716,409.35222412645817,3584.993493080139,163.15817469358444,0.18
6/30,1/20,6100,610000,57.75526571273804,407.4838778525591,3615.4600133895874,161.76405093073845,0.41
6/30,2/20,6150,615000,62.65630531311035,394.9874625056982,3670.2868654727936,163.83209264278412,0.46
6/30,3/20,6200,620000,58.87858963012695,392.95696975290775,3742.943851709366,161.94722658395767,0.33
6/30,4/20,6250,625000,57.17029404640198,417.9912206083536,3775.365698337555,166.3564517647028,0.31
6/30,5/20,6300,630000,59.3250036239624,406.33059856295586,3779.893455505371,164.06703878939152,0.37
6/30,6/20,6350,635000,60.099979400634766,401.69906574487686,3821.90936088562,161.18825712054968,0.32
6/30,7/20,6400,640000,55.82745361328125,406.206559240818,3813.7513320446014,164.08354936540127,0.41
6/30,8/20,6450,645000,56.21120476722717,416.92925967276096,3834.6327981948853,161.49910892546177,0.37
6/30,9/20,6500,650000,60.969149112701416,418.44741924107075,3911.639564037323,162.00175607204437,0.42
6/30,10/20,6550,655000,57.06754231452942,412.0202368795872,3967.865927219391,161.9527176618576,0.42
6/30,11/20,6600,660000,56.36150765419006,427.0649269968271,4035.145904779434,160.59641242027283,0.29
6/30,12/20,6650,665000,62.55323934555054,398.79589012265205,4083.9026823043823,161.82357394695282,0.39
6/30,13/20,6700,670000,59.397316217422485,383.8323383629322,4142.8454349040985,162.10108776390553,0.36
6/30,14/20,6750,675000,58.81805372238159,389.06398540735245,4157.311118602753,159.95786018669605,0.3
6/30,15/20,6800,680000,59.791828632354736,403.471377030015,4170.2889223098755,162.0452486127615,0.44
6/30,16/20,6850,685000,61.94257950782776,416.0305436551571,4204.523809909821,161.65860928595066,0.38
6/30,17/20,6900,690000,58.66375923156738,418.56485103070736,4159.609646320343,165.26889264583588,0.27
6/30,18/20,6950,695000,57.47338914871216,391.09033048152924,4186.1044182777405,166.44360665977,0.3
6/30,19/20,7000,700000,62.38834047317505,414.5695502907038,4244.869343042374,164.88326767086983,0.34
7/30,0/20,7050,705000,56.9908185005188,411.0972982645035,4306.347382068634,164.6530660390854,0.31
7/30,1/20,7100,710000,56.13467741012573,414.19765868782997,4378.067392110825,164.11628413200378,0.32
7/30,2/20,7150,715000,59.56083559989929,415.3798128217459,4417.830282688141,166.21761444211006,0.39
7/30,3/20,7200,720000,57.445849895477295,424.86861047148705,4405.380242347717,167.2567730396986,0.4
7/30,4/20,7250,725000,56.508198738098145,430.4452730566263,4424.028319597244,166.6776328831911,0.36
7/30,5/20,7300,730000,56.30956435203552,420.3703455924988,4466.474966287613,166.5934998691082,0.45
7/30,6/20,7350,735000,59.72451138496399,419.1229995638132,4481.645436286926,164.14342695474625,0.45
7/30,7/20,7400,740000,55.80560612678528,421.0864114612341,4467.048875808716,164.8680417239666,0.53
7/30,8/20,7450,745000,56.228058099746704,420.58445304632187,4474.5208485126495,168.71537102758884,0.43
7/30,9/20,7500,750000,60.89595127105713,444.22701036930084,4493.161382198334,167.7826060950756,0.46
7/30,10/20,7550,755000,57.716635942459106,425.0729180127382,4500.259277582169,164.67219208180904,0.37
7/30,11/20,7600,760000,57.0269889831543,427.716894030571,4486.632043361664,166.85191303491592,0.46
7/30,12/20,7650,765000,62.6919162273407,429.1349245607853,4521.2220323085785,167.084557056427,0.31
7/30,13/20,7700,770000,57.9333655834198,409.4130340963602,4450.81990814209,168.24252997338772,0.43
7/30,14/20,7750,775000,55.76362347602844,412.1958509981632,4421.805628538132,167.7457291930914,0.35
7/30,15/20,7800,780000,56.926149129867554,419.91455955803394,4460.392857074738,164.35054075717926,0.45
7/30,16/20,7850,785000,60.55290746688843,416.25752215087414,4497.40060210228,166.5124050974846,0.28
7/30,17/20,7900,790000,55.99024987220764,426.20751093328,4544.968484163284,163.6156726628542,0.54
7/30,18/20,7950,795000,55.80642056465149,415.8960651308298,4610.187277317047,163.17347511649132,0.43
7/30,19/20,8000,800000,60.83105802536011,421.0288583487272,4669.544309139252,163.914194136858,0.45
8/30,0/20,8050,805000,56.791492223739624,456.512541025877,4699.801995754242,164.6943031847477,0.46
8/30,1/20,8100,810000,55.08649444580078,421.59803949296474,4735.8652176856995,165.4351772814989,0.38
8/30,2/20,8150,815000,57.51698541641235,416.1877361536026,4692.8354139328,164.45047214627266,0.35
8/30,3/20,8200,820000,58.62800216674805,424.538168489933,4707.480817556381,163.90218149125576,0.46
8/30,4/20,8250,825000,56.45001149177551,444.90689519047737,4738.381981134415,162.66494071483612,0.38
8/30,5/20,8300,830000,56.77056360244751,437.73047399520874,4781.676719665527,165.72507502138615,0.48
8/30,6/20,8350,835000,61.06724405288696,425.33611269295216,4730.962188959122,164.9784010052681,0.43
8/30,7/20,8400,840000,57.077670097351074,415.44967599213123,4758.093466997147,163.93143954873085,0.39
8/30,8/20,8450,845000,56.4271297454834,436.295711427927,4770.685663938522,163.0862563699484,0.31
8/30,9/20,8500,850000,61.18818187713623,433.41582334041595,4824.16539812088,163.2879460453987,0.41
8/30,10/20,8550,855000,58.20454955101013,426.84165340662,4829.265206813812,163.1817879974842,0.45
8/30,11/20,8600,860000,56.46910333633423,408.5381493717432,4873.065581083298,161.41844680905342,0.48
8/30,12/20,8650,865000,58.055787563323975,413.61245223879814,4945.4405999183655,162.32964284718037,0.39
8/30,13/20,8700,870000,61.11245918273926,427.31995613873005,4976.094754695892,163.31030732393265,0.49
8/30,14/20,8750,875000,56.290600061416626,426.6407530903816,5012.862558603287,165.17921622097492,0.43
8/30,15/20,8800,880000,56.81394577026367,429.66848497092724,5004.540945291519,159.4620055258274,0.39
8/30,16/20,8850,885000,59.77883434295654,452.2184044122696,5016.873209953308,159.17549331486225,0.49
8/30,17/20,8900,890000,57.28836154937744,401.1887792646885,5021.042712688446,158.28110498189926,0.35
8/30,18/20,8950,895000,56.486977100372314,426.2848329991102,5068.016971588135,160.91813749074936,0.42
8/30,19/20,9000,900000,57.778189182281494,419.72026823461056,5080.61044549942,161.04441414773464,0.38
9/30,0/20,9050,905000,59.327701568603516,425.7551942765713,5136.059950590134,158.64300511032343,0.41
9/30,1/20,9100,910000,55.78028583526611,384.48379458487034,5146.177285671234,160.82079787552357,0.52
9/30,2/20,9150,915000,57.066829681396484,432.1946969926357,5143.221544504166,161.31383281946182,0.34
9/30,3/20,9200,920000,60.8938102722168,424.3927343338728,5205.302161216736,158.29700808227062,0.37
9/30,4/20,9250,925000,56.47132444381714,398.98867370188236,5239.6780478954315,159.77187383174896,0.41
9/30,5/20,9300,930000,56.0945680141449,412.5158263742924,5298.7204513549805,162.08161437511444,0.36
9/30,6/20,9350,935000,58.78078007698059,390.8560978323221,5256.05202960968,162.48328067362309,0.49
9/30,7/20,9400,940000,58.5891969203949,401.1012439131737,5258.875619888306,160.6841666996479,0.51
9/30,8/20,9450,945000,55.95193362236023,416.7136832922697,5259.653459787369,160.18792615830898,0.58
9/30,9/20,9500,950000,55.95883560180664,409.07017274200916,5253.644533395767,156.94741047918797,0.48
9/30,10/20,9550,955000,61.197338819503784,387.7612432539463,5289.649209976196,156.77220131456852,0.41
9/30,11/20,9600,960000,56.15420484542847,402.10328444838524,5327.403945922852,157.55924249440432,0.38
9/30,12/20,9650,965000,55.56081819534302,417.65961077809334,5378.694180965424,157.19295212626457,0.48
9/30,13/20,9700,970000,60.702062129974365,379.8076911717653,5417.3444538116455,157.69020608067513,0.32
9/30,14/20,9750,975000,58.03769850730896,375.8664951324463,5403.328366756439,158.87471713125706,0.37
9/30,15/20,9800,980000,58.34130549430847,395.0333383977413,5403.0930869579315,160.1405507773161,0.42
9/30,16/20,9850,985000,59.57106828689575,382.14226016402245,5480.499622106552,158.46864600479603,0.43
9/30,17/20,9900,990000,58.92394137382507,415.44190442562103,5529.4489777088165,159.50768591463566,0.44
9/30,18/20,9950,995000,57.491111040115356,383.03989776968956,5492.123904705048,159.61528892815113,0.41
9/30,19/20,10000,1000000,56.1800639629364,374.77018992602825,5519.731993675232,158.6842252165079,0.33
10/30,0/20,10050,1005000,62.043559074401855,376.4347810000181,5555.35404920578,157.72129571437836,0.35
10/30,1/20,10100,1010000,56.052250146865845,360.2030697911978,5575.995620965958,156.5368061736226,0.43
10/30,2/20,10150,1015000,56.626948833465576,387.2580737769604,5589.747910022736,155.6332696378231,0.37
10/30,3/20,10200,1020000,60.46854376792908,361.27803461253643,5585.3597407341,155.59226738661528,0.44
10/30,4/20,10250,1025000,57.13248801231384,377.4075212776661,5576.715949773788,154.66452407836914,0.42
10/30,5/20,10300,1030000,56.192728757858276,335.4454991966486,5571.84163236618,153.72541748732328,0.48
10/30,6/20,10350,1035000,58.97265434265137,347.584290266037,5598.802702188492,154.31035623699427,0.44
10/30,7/20,10400,1040000,59.83010244369507,378.6826037764549,5629.059333086014,152.3060798048973,0.4
10/30,8/20,10450,1045000,56.88921523094177,382.78208240121603,5606.148526668549,156.10355858504772,0.43
10/30,9/20,10500,1050000,56.29310965538025,366.291489765048,5614.0155782699585,155.38895774632692,0.42
10/30,10/20,10550,1055000,60.523964643478394,345.5796271264553,5643.957471609116,158.42775534838438,0.49
10/30,11/20,10600,1060000,56.04477071762085,372.4218020886183,5631.293179988861,162.02557118982077,0.52
10/30,12/20,10650,1065000,55.43351697921753,381.4809138327837,5624.646330356598,161.4482349306345,0.35
10/30,13/20,10700,1070000,58.97664451599121,379.92812513560057,5564.433089971542,162.80582831799984,0.42
10/30,14/20,10750,1075000,57.848347425460815,366.58146980404854,5512.057804107666,163.22580084204674,0.53
10/30,15/20,10800,1080000,55.74175715446472,392.0303495526314,5479.627716302872,161.13706989586353,0.41
10/30,16/20,10850,1085000,55.42115044593811,357.7347266972065,5482.291255950928,160.42429068684578,0.54
10/30,17/20,10900,1090000,60.37803292274475,375.6315558552742,5419.212730646133,160.8028395920992,0.51
10/30,18/20,10950,1095000,55.92551255226135,371.0966463536024,5388.368702173233,161.09445101767778,0.42
10/30,19/20,11000,1100000,57.32885789871216,357.51658722758293,5370.450965642929,159.88856479525566,0.37
11/30,0/20,11050,1105000,61.317861557006836,347.04691229760647,5392.263440847397,158.07480709254742,0.5
11/30,1/20,11100,1110000,58.39769673347473,370.068679779768,5434.210590839386,156.1687359213829,0.4
11/30,2/20,11150,1115000,55.703322410583496,338.894096262753,5445.239253520966,156.44693814963102,0.41
11/30,3/20,11200,1120000,57.396618604660034,375.42396917939186,5482.079239368439,154.70765180885792,0.44
11/30,4/20,11250,1125000,58.89588475227356,346.1827790737152,5474.1287317276,157.0275221467018,0.5
11/30,5/20,11300,1130000,55.903480052948,315.18378283828497,5530.350858926773,156.77471071481705,0.42
11/30,6/20,11350,1135000,55.75774121284485,347.89616940915585,5571.250048160553,158.30294840037823,0.42
11/30,7/20,11400,1140000,61.849977016448975,342.5700070410967,5598.458721160889,160.0385469198227,0.36
11/30,8/20,11450,1145000,56.07149577140808,339.5813948735595,5583.887584686279,162.06254270672798,0.39
11/30,9/20,11500,1150000,55.521042346954346,344.19349210709333,5591.780690193176,162.59817779064178,0.44
11/30,10/20,11550,1155000,58.9889121055603,326.96227968484163,5576.2849979400635,159.4681594669819,0.47
11/30,11/20,11600,1160000,57.06010699272156,338.10854874551296,5568.383060216904,162.2380906045437,0.53
11/30,12/20,11650,1165000,55.492465019226074,326.3702239394188,5603.049466848373,161.54265646636486,0.37
11/30,13/20,11700,1170000,57.46692967414856,318.48190219700336,5601.501021623611,159.27308917045593,0.52
11/30,14/20,11750,1175000,61.468987226486206,327.582321241498,5620.7017567157745,158.77775885164738,0.49
11/30,15/20,11800,1180000,56.19294834136963,340.58252215385437,5652.945863246918,155.28854685276747,0.52
11/30,16/20,11850,1185000,56.15042495727539,334.7389778867364,5647.814935207367,157.3645770996809,0.41
11/30,17/20,11900,1190000,61.712538957595825,323.28382931649685,5671.37743973732,155.02981093525887,0.6
11/30,18/20,11950,1195000,57.08263802528381,332.5518136844039,5688.2444932460785,154.89451803267002,0.51
11/30,19/20,12000,1200000,56.46403241157532,303.776577308774,5752.391782999039,150.98737634718418,0.44
12/30,0/20,12050,1205000,58.64081168174744,310.7825413644314,5842.109696388245,152.2412458434701,0.45
12/30,1/20,12100,1210000,58.918890953063965,327.5435061901808,5776.787658691406,148.6292773708701,0.35
12/30,2/20,12150,1215000,55.452258586883545,332.2604115754366,5890.833169937134,148.4333285242319,0.56
12/30,3/20,12200,1220000,57.046992778778076,336.1534335166216,5895.41953086853,150.08109305799007,0.45
12/30,4/20,12250,1225000,60.75418281555176,315.93240862339735,5939.032723426819,149.65788233280182,0.5
12/30,5/20,12300,1230000,57.15439510345459,308.70422738045454,5977.490168571472,149.80460073798895,0.44
12/30,6/20,12350,1235000,56.415239095687866,313.4633515626192,6018.2686648368835,153.12918686121702,0.4
12/30,7/20,12400,1240000,61.588277101516724,328.2079521343112,5994.796179294586,151.82360965013504,0.37
12/30,8/20,12450,1245000,57.02433466911316,314.24562807381153,6009.458305358887,151.85791820287704,0.47
12/30,9/20,12500,1250000,57.42454409599304,321.00751277059317,6073.8637890815735,153.34049151837826,0.39
12/30,10/20,12550,1255000,59.53022480010986,342.23860539495945,6100.760459423065,154.1976613625884,0.5
12/30,11/20,12600,1260000,59.169055700302124,336.6185791864991,6083.461758136749,152.73066855221987,0.38
12/30,12/20,12650,1265000,57.585543155670166,332.10805451124907,6124.456268310547,151.7728717252612,0.31
12/30,13/20,12700,1270000,57.80469727516174,312.9604387432337,6160.961966514587,150.73499054461718,0.44
12/30,14/20,12750,1275000,61.942142963409424,331.5628107190132,6229.470210552216,150.45873687416315,0.37
12/30,15/20,12800,1280000,56.07117486000061,317.23943017423153,6243.87496137619,150.03922459483147,0.5
12/30,16/20,12850,1285000,57.31584668159485,337.15186254680157,6225.491269111633,150.5361698716879,0.45
12/30,17/20,12900,1290000,60.875242948532104,345.47189186513424,6263.791660308838,148.2236487492919,0.41
12/30,18/20,12950,1295000,57.11438608169556,329.35254606604576,6303.530096530914,148.14218974113464,0.45
12/30,19/20,13000,1300000,56.270320653915405,306.2496392354369,6392.881820678711,149.40421713143587,0.47
13/30,0/20,13050,1305000,58.15797448158264,324.4905959889293,6373.431420326233,150.59785220772028,0.5
13/30,1/20,13100,1310000,58.91370344161987,308.5866511464119,6371.889755725861,153.48798003792763,0.4
13/30,2/20,13150,1315000,56.41430997848511,313.3597529679537,6359.124311923981,155.06991389393806,0.5
13/30,3/20,13200,1320000,57.16603636741638,338.7937897592783,6446.343411445618,155.12394865602255,0.49
13/30,4/20,13250,1325000,60.94088292121887,338.68618642538786,6403.6358370780945,154.39746396243572,0.55
13/30,5/20,13300,1330000,56.02610230445862,338.95987908542156,6408.033979892731,157.06933826208115,0.51
13/30,6/20,13350,1335000,55.55672073364258,334.9663727656007,6428.520299434662,159.37285719811916,0.38
13/30,7/20,13400,1340000,59.598336696624756,334.2791900485754,6416.428429603577,154.57503191381693,0.47
13/30,8/20,13450,1345000,56.32245182991028,334.26769158244133,6414.482135295868,155.9667663499713,0.49
13/30,9/20,13500,1350000,55.25706458091736,338.4881410077214,6465.055790424347,155.73975179344416,0.5
13/30,10/20,13550,1355000,57.44779586791992,339.7516399770975,6413.748126029968,157.37409611791372,0.51
13/30,11/20,13600,1360000,59.867788314819336,354.1532814875245,6457.408709526062,155.9639898315072,0.46
13/30,12/20,13650,1365000,55.688613414764404,323.8783515393734,6426.00993013382,154.66884552687407,0.38
13/30,13/20,13700,1370000,55.81552338600159,331.2688087671995,6454.660291671753,156.20099295675755,0.5
13/30,14/20,13750,1375000,61.781941652297974,348.48540776222944,6488.1385889053345,153.7634707018733,0.37
13/30,15/20,13800,1380000,56.30609369277954,334.71319306641817,6502.259434700012,153.26949371397495,0.41
13/30,16/20,13850,1385000,56.17480707168579,330.0203754082322,6529.579161167145,153.29919536411762,0.48
13/30,17/20,13900,1390000,60.16179537773132,319.0061606094241,6552.928921699524,152.35245565325022,0.4
13/30,18/20,13950,1395000,57.14555263519287,335.54196535795927,6645.113800525665,150.8111165612936,0.46
13/30,19/20,14000,1400000,56.083805084228516,350.0189116746187,6666.230422496796,149.5527423992753,0.5
14/30,0/20,14050,1405000,57.22471761703491,318.79483564943075,6702.2052001953125,148.3960686326027,0.51
14/30,1/20,14100,1410000,59.935771465301514,327.9054124727845,6749.457797050476,149.87213198840618,0.43
14/30,2/20,14150,1415000,56.26758646965027,324.08603129535913,6768.56674861908,151.05017168819904,0.44
14/30,3/20,14200,1420000,55.306814193725586,313.34666857868433,6717.238169193268,150.08044242858887,0.48
14/30,4/20,14250,1425000,60.766621828079224,318.14278784394264,6853.521043300629,145.93583199381828,0.31
14/30,5/20,14300,1430000,55.66175317764282,324.622055105865,6909.729372024536,147.54391760379076,0.49
14/30,6/20,14350,1435000,55.28140616416931,302.89202381670475,6914.71329164505,149.0444931462407,0.47
14/30,7/20,14400,1440000,57.95620918273926,304.58914195746183,6940.054250717163,150.47654186934233,0.55
14/30,8/20,14450,1445000,57.97404766082764,328.465155236423,6944.3110427856445,150.9618710950017,0.54
14/30,9/20,14500,1450000,55.53104496002197,312.4803263321519,7011.956170082092,154.54233790934086,0.54
14/30,10/20,14550,1455000,57.4164400100708,322.267413854599,7035.907718658447,154.77670776098967,0.41
14/30,11/20,14600,1460000,61.471126556396484,325.6476464793086,6996.8750767707825,155.20997942984104,0.5
14/30,12/20,14650,1465000,55.99957895278931,322.1268368065357,7010.012945175171,154.5661035180092,0.44
14/30,13/20,14700,1470000,56.76311945915222,316.32780012488365,7002.4170598983765,151.7386198565364,0.38
14/30,14/20,14750,1475000,61.19833040237427,323.06084564328194,7033.760855674744,149.96306840330362,0.5
14/30,15/20,14800,1480000,56.98004865646362,321.42608474195004,7063.228320121765,149.0398320928216,0.35
14/30,16/20,14850,1485000,56.45953011512756,306.1315691694617,7113.177129268646,148.00971589237452,0.49
14/30,17/20,14900,1490000,58.03977417945862,315.8723593056202,7124.4015645980835,145.9454752355814,0.42
14/30,18/20,14950,1495000,58.56477642059326,315.56610756367445,7203.174436092377,144.07468121498823,0.49
14/30,19/20,15000,1500000,56.21493673324585,309.96586536616087,7196.359528541565,145.00480961054564,0.43
15/30,0/20,15050,1505000,56.58672070503235,344.7824064567685,7250.302356719971,145.04406329989433,0.37
15/30,1/20,15100,1510000,60.89122414588928,317.08997374773026,7282.791659832001,142.340939193964,0.52
15/30,2/20,15150,1515000,57.04068565368652,318.82610584795475,7318.139817237854,144.07747877389193,0.43
15/30,3/20,15200,1520000,54.699941873550415,301.2679429873824,7339.319829463959,142.5980137437582,0.46
15/30,4/20,15250,1525000,58.74603891372681,311.61626201123,7401.755112171173,144.30702228844166,0.45
15/30,5/20,15300,1530000,57.023751735687256,324.27420695126057,7426.170102596283,147.18185301870108,0.45
15/30,6/20,15350,1535000,55.973780393600464,330.3519625812769,7433.460259437561,148.27780444920063,0.41
15/30,7/20,15400,1540000,57.49331212043762,309.23583348840475,7447.698718547821,150.7601584047079,0.5
15/30,8/20,15450,1545000,59.694042921066284,304.05716372281313,7384.905927181244,149.47781778126955,0.47
15/30,9/20,15500,1550000,55.78317880630493,316.8418723717332,7382.952467918396,149.48669975996017,0.42
15/30,10/20,15550,1555000,56.34097170829773,308.060863442719,7376.659480571747,149.19872521609068,0.52
15/30,11/20,15600,1560000,62.426575899124146,291.692775413394,7307.680083274841,148.52534419298172,0.47
15/30,12/20,15650,1565000,57.283459424972534,292.6391196474433,7347.009567260742,146.70101214200258,0.5
15/30,13/20,15700,1570000,56.75047779083252,305.57291620224714,7460.491357326508,147.62977423518896,0.41
15/30,14/20,15750,1575000,59.94613599777222,283.16313495486975,7378.943943977356,146.98326870799065,0.42
15/30,15/20,15800,1580000,57.80072999000549,322.02470871061087,7445.972029209137,145.40946698188782,0.43
15/30,16/20,15850,1585000,56.16800045967102,290.51668628305197,7451.365503311157,142.64444116503,0.5
15/30,17/20,15900,1590000,58.52719044685364,272.6983486786485,7465.2929883003235,141.2099096402526,0.43
15/30,18/20,15950,1595000,61.05963635444641,305.3161076530814,7483.978277683258,141.74092849344015,0.46
15/30,19/20,16000,1600000,57.31634593009949,283.0274084061384,7454.51842212677,144.86845922470093,0.48
16/30,0/20,16050,1605000,57.14579176902771,303.67622300982475,7512.543172359467,141.64849336445332,0.37
16/30,1/20,16100,1610000,64.22349214553833,292.84004573524,7422.7739725112915,140.7079343944788,0.39
16/30,2/20,16150,1615000,56.33684325218201,282.4594269543886,7438.488496303558,141.9428626447916,0.52
16/30,3/20,16200,1620000,55.66081261634827,271.95177514851093,7427.989887714386,141.94772604852915,0.47
16/30,4/20,16250,1625000,60.21327233314514,278.6840383410454,7425.067527294159,146.33275401592255,0.52
16/30,5/20,16300,1630000,58.08907985687256,281.0566044226289,7314.464077949524,149.13163655996323,0.47
16/30,6/20,16350,1635000,55.97268509864807,277.0707485973835,7280.266308784485,156.08230955153704,0.53
16/30,7/20,16400,1640000,57.385486364364624,289.32259774953127,7066.61238861084,167.34085682034492,0.45
16/30,8/20,16450,1645000,60.72218084335327,303.0627545937896,6805.258015155792,179.046845972538,0.45
16/30,9/20,16500,1650000,58.83417582511902,291.90449433773756,6460.869131088257,186.97601303458214,0.51
16/30,10/20,16550,1655000,59.41958665847778,297.89840748906136,6239.919840335846,183.71138009428978,0.4
16/30,11/20,16600,1660000,65.42386889457703,277.6676642075181,6046.393498420715,173.70860388875008,0.45
16/30,12/20,16650,1665000,59.28257083892822,274.67088034003973,5988.678468704224,164.79750676453114,0.47
16/30,13/20,16700,1670000,58.45489048957825,257.9577814787626,5965.594491958618,152.53762301057577,0.5
16/30,14/20,16750,1675000,60.34284162521362,264.4487255513668,5964.290401935577,146.80042125284672,0.43
16/30,15/20,16800,1680000,57.21718883514404,265.26605588942766,6033.282084226608,144.49334806203842,0.44
16/30,16/20,16850,1685000,55.336769104003906,249.92386958748102,6061.841311454773,143.88537922501564,0.49
16/30,17/20,16900,1690000,58.05154013633728,266.1669094413519,6103.921824932098,139.5432840064168,0.38
16/30,18/20,16950,1695000,59.228164196014404,259.0669575929642,6148.5467438697815,137.5955707654357,0.38
16/30,19/20,17000,1700000,56.70970582962036,259.4672791734338,6229.386562824249,137.46308451890945,0.35
17/30,0/20,17050,1705000,56.55386281013489,255.07856199890375,6259.372829914093,138.54727339744568,0.44
17/30,1/20,17100,1710000,60.317683935165405,241.80050798505545,6295.2984347343445,137.19410299509764,0.48
17/30,2/20,17150,1715000,56.39864420890808,243.87774695456028,6292.779141902924,135.0971875935793,0.42
17/30,3/20,17200,1720000,55.63177156448364,241.87727785855532,6404.636696815491,134.61856134980917,0.46
17/30,4/20,17250,1725000,60.4243700504303,236.70923632383347,6475.774266242981,136.97614931315184,0.49
17/30,5/20,17300,1730000,57.9616277217865,234.48989932239056,6471.594291687012,135.47811802476645,0.43
17/30,6/20,17350,1735000,55.594226598739624,239.8406030088663,6561.566290378571,133.64889483898878,0.47
17/30,7/20,17400,1740000,56.92998385429382,242.0478411540389,6548.202595233917,133.24407842755318,0.44
17/30,8/20,17450,1745000,59.76787304878235,243.70102436840534,6686.154223442078,133.65779288113117,0.49
17/30,9/20,17500,1750000,55.44017171859741,236.98108310997486,6669.318639755249,134.74730513244867,0.44
17/30,10/20,17550,1755000,55.75697731971741,253.70713720470667,6671.033082485199,133.3921491280198,0.36
17/30,11/20,17600,1760000,60.89386701583862,252.89189711213112,6711.640247821808,133.2655327618122,0.39
17/30,12/20,17650,1765000,56.467342376708984,248.8654011785984,6738.011563301086,133.34025036543608,0.5
17/30,13/20,17700,1770000,55.50607180595398,250.7319791764021,6787.7905530929565,133.71097952127457,0.5
17/30,14/20,17750,1775000,58.7588791847229,231.4513197541237,6806.018643856049,132.19372475892305,0.4
17/30,15/20,17800,1780000,58.78029203414917,239.50397286564112,6750.446578502655,136.06944861263037,0.36
17/30,16/20,17850,1785000,55.6521737575531,242.84365372359753,6793.902750968933,133.57159136235714,0.44
17/30,17/20,17900,1790000,55.8998441696167,269.3790283948183,6824.635967254639,136.89184331148863,0.44
17/30,18/20,17950,1795000,60.1918203830719,242.31449082493782,6757.385827541351,138.30594632029533,0.49
17/30,19/20,18000,1800000,58.43094348907471,253.124615624547,6799.963649272919,137.79865203797817,0.47
18/30,0/20,18050,1805000,57.44351625442505,241.88172297924757,6776.316848754883,135.60428286343813,0.44
18/30,1/20,18100,1810000,61.49479055404663,254.19217036664486,6741.835949420929,136.87929420918226,0.45
18/30,2/20,18150,1815000,58.2618088722229,242.0844364091754,6748.505491256714,137.1401824876666,0.38
18/30,3/20,18200,1820000,56.60448169708252,256.4020181298256,6743.523054599762,136.20471737533808,0.48
18/30,4/20,18250,1825000,58.11440086364746,248.79673202335835,6742.278240203857,134.15539401769638,0.42
18/30,5/20,18300,1830000,59.74332094192505,244.51488134264946,6822.604934692383,132.75309567898512,0.35
18/30,6/20,18350,1835000,56.25602841377258,253.40397845953703,6762.183222770691,134.41847690194845,0.59
18/30,7/20,18400,1840000,56.48281216621399,234.74083250761032,6776.70804977417,133.83922193944454,0.46
18/30,8/20,18450,1845000,61.63038682937622,235.49051485955715,6786.85897397995,133.2689936235547,0.37
18/30,9/20,18500,1850000,57.308144330978394,255.2751820385456,6785.932776927948,132.13530576974154,0.37
18/30,10/20,18550,1855000,56.58771538734436,237.65322357416153,6753.528742790222,131.32901066541672,0.36
18/30,11/20,18600,1860000,61.766454219818115,230.9472295343876,6772.684707164764,131.47086208313704,0.42
18/30,12/20,18650,1865000,58.44660949707031,237.5508650392294,6804.54848241806,131.23779636621475,0.43
18/30,13/20,18700,1870000,57.2200083732605,242.03689990192652,6749.03617477417,133.82468086481094,0.4
18/30,14/20,18750,1875000,59.83306384086609,230.75874086469412,6791.6895542144775,129.8915441930294,0.38
18/30,15/20,18800,1880000,60.522499084472656,247.6597266048193,6789.02197933197,130.23916746675968,0.48
18/30,16/20,18850,1885000,57.60772156715393,242.40117867290974,6836.399040222168,130.05036494135857,0.39
18/30,17/20,18900,1890000,59.199450731277466,253.54996064305305,6838.686705589294,130.25373286008835,0.45
18/30,18/20,18950,1895000,62.21285915374756,224.72847798466682,6821.754433631897,129.36491890251637,0.4
18/30,19/20,19000,1900000,56.976160287857056,227.16754457354546,6825.381410121918,130.95095133036375,0.44
19/30,0/20,19050,1905000,56.30208134651184,226.32688979804516,6806.938857078552,130.7006967663765,0.56
19/30,1/20,19100,1910000,61.82637691497803,235.70790638774633,6882.2987151145935,129.3888272419572,0.42
19/30,2/20,19150,1915000,56.869569301605225,217.8770697414875,6851.0449233055115,132.51446318626404,0.49
19/30,3/20,19200,1920000,56.72221255302429,219.32730873674154,6835.308850288391,134.02551972866058,0.34
19/30,4/20,19250,1925000,59.746827125549316,245.0123040676117,6742.092693328857,136.51835098862648,0.45
19/30,5/20,19300,1930000,61.65704870223999,246.6499043405056,6762.1198744773865,136.50066289305687,0.42
19/30,6/20,19350,1935000,56.73600172996521,223.31022465229034,6694.262012004852,138.0441937148571,0.49
19/30,7/20,19400,1940000,58.33908271789551,236.19609270989895,6650.516017198563,139.10563156753778,0.46
19/30,8/20,19450,1945000,61.10427284240723,232.36431428045034,6640.7428340911865,136.90172580629587,0.34
19/30,9/20,19500,1950000,57.167755126953125,237.34150359034538,6621.555412769318,136.2759792432189,0.45
19/30,10/20,19550,1955000,57.44903254508972,234.52368956059217,6582.414039134979,134.7231361195445,0.5
19/30,11/20,19600,1960000,62.66421699523926,225.33865685760975,6624.059426307678,133.40106614679098,0.54
19/30,12/20,19650,1965000,58.25525403022766,219.90448494255543,6640.643196582794,129.3191026970744,0.44
19/30,13/20,19700,1970000,59.48432755470276,211.4083882123232,6673.396856784821,128.13616889715195,0.38
19/30,14/20,19750,1975000,63.51481533050537,220.04350577294827,6677.0118680000305,130.0583070591092,0.32
19/30,15/20,19800,1980000,59.1601619720459,242.677998021245,6638.105738162994,131.2859235778451,0.43
19/30,16/20,19850,1985000,58.93704295158386,215.93965006619692,6613.484783172607,131.07895892858505,0.48
19/30,17/20,19900,1990000,61.274658203125,232.5470881164074,6631.334899425507,128.9563852250576,0.45
19/30,18/20,19950,1995000,60.99226140975952,223.27308844029903,6633.871790409088,130.48808158934116,0.39
19/30,19/20,20000,2000000,58.957494497299194,214.76546279340982,6660.752070426941,128.2198909521103,0.41
20/30,0/20,20050,2005000,59.66298174858093,206.2440846413374,6706.785449028015,127.75407291203737,0.48
20/30,1/20,20100,2010000,61.54970645904541,214.013979755342,6699.043386459351,128.30159612745047,0.52
20/30,2/20,20150,2015000,58.70483684539795,198.42446406185627,6703.518792629242,129.24145678430796,0.41
20/30,3/20,20200,2020000,59.63298487663269,206.0652202218771,6722.454513549805,128.94133441150188,0.35
20/30,4/20,20250,2025000,63.611345529556274,224.042569167912,6729.716254711151,129.7579063102603,0.4
20/30,5/20,20300,2030000,58.996350049972534,215.71917018294334,6694.194155693054,128.04722889512777,0.4
20/30,6/20,20350,2035000,58.77676606178284,214.02168637514114,6737.659075260162,126.4883047491312,0.45
20/30,7/20,20400,2040000,63.13415741920471,216.8179995417595,6762.361623287201,127.72240246087313,0.34
20/30,8/20,20450,2045000,59.11610651016235,215.82765801995993,6769.610095977783,129.60375808179379,0.41
20/30,9/20,20500,2050000,58.20439624786377,206.73139046877623,6703.076949119568,129.7259887456894,0.39
20/30,10/20,20550,2055000,63.424383878707886,211.30599330365658,6712.760802268982,127.76571446657181,0.33
20/30,11/20,20600,2060000,59.49478721618652,204.54460587352514,6794.185026168823,130.0324829891324,0.43
20/30,12/20,20650,2065000,57.70546793937683,227.45827450603247,6719.649640083313,127.48939473927021,0.47
20/30,13/20,20700,2070000,60.50040578842163,201.20756260305643,6770.139657497406,127.72026400268078,0.46
20/30,14/20,20750,2075000,60.924893856048584,208.2506716400385,6705.430156707764,128.89672297239304,0.4
20/30,15/20,20800,2080000,57.14622735977173,214.53448805212975,6699.0408272743225,128.81067897379398,0.46
20/30,16/20,20850,2085000,57.459768772125244,228.58860935270786,6730.369911193848,134.20550829917192,0.5
20/30,17/20,20900,2090000,61.78384447097778,245.30266766250134,6675.563976287842,135.74654223024845,0.32
20/30,18/20,20950,2095000,56.5096321105957,235.86392544955015,6549.822976112366,136.5850172266364,0.5
20/30,19/20,21000,2100000,57.340247631073,233.89847863465548,6428.202433109283,141.6326161324978,0.41
21/30,0/20,21050,2105000,64.55542945861816,238.04716632515192,6314.143020153046,142.47584756463766,0.46
21/30,1/20,21100,2110000,59.11629891395569,228.15178586542606,6212.126654624939,142.16545508801937,0.43
21/30,2/20,21150,2115000,58.35319900512695,230.65551779419184,6101.484834194183,139.16460994631052,0.45
21/30,3/20,21200,2120000,64.07458353042603,218.27040101587772,6126.590331554413,138.984625287354,0.39
21/30,4/20,21250,2125000,57.55201435089111,228.1611422151327,6122.253612995148,135.67057965695858,0.45
21/30,5/20,21300,2130000,58.1477746963501,211.68063286691904,6135.059456348419,130.810536198318,0.35
21/30,6/20,21350,2135000,61.18548631668091,218.323363609612,6121.065213680267,130.1554243043065,0.39
21/30,7/20,21400,2140000,62.132184982299805,200.85012882947922,6146.5527238845825,131.28665187954903,0.39
21/30,8/20,21450,2145000,57.89348030090332,196.8230184316635,6164.664237499237,128.98413084447384,0.47
21/30,9/20,21500,2150000,60.73505210876465,212.599232070148,6145.829620361328,128.59219089895487,0.4
21/30,10/20,21550,2155000,62.65606880187988,218.46963363140821,6127.050358772278,126.41207331418991,0.46
21/30,11/20,21600,2160000,58.620789766311646,219.96249394863844,6179.60595035553,125.92807641625404,0.54
21/30,12/20,21650,2165000,59.82909893989563,214.65533039718866,6161.032005786896,128.10578658431768,0.43
21/30,13/20,21700,2170000,64.46261096000671,217.43872220814228,6191.192974567413,125.3081392198801,0.53
21/30,14/20,21750,2175000,57.93739628791809,245.1049339324236,6191.719035148621,126.13914237171412,0.4
21/30,15/20,21800,2180000,59.22466516494751,227.0897037908435,6217.771309375763,125.02371633797884,0.49
21/30,16/20,21850,2185000,64.60377287864685,213.33356571942568,6186.336161613464,126.19177184998989,0.33
21/30,17/20,21900,2190000,59.96542954444885,226.7240853086114,6225.309444904327,126.71022218465805,0.34
21/30,18/20,21950,2195000,57.96588969230652,209.25107957422733,6288.45001077652,124.85728506743908,0.34
21/30,19/20,22000,2200000,62.142860889434814,216.1637073084712,6284.012685775757,126.14245846122503,0.41
22/30,0/20,22050,2205000,59.0063099861145,215.77773575484753,6323.211567878723,125.90427590161562,0.34
22/30,1/20,22100,2210000,58.67178201675415,232.99272286891937,6330.856739044189,125.4615441262722,0.38
22/30,2/20,22150,2215000,61.09842538833618,223.12133841216564,6400.490483283997,125.98424775153399,0.39
22/30,3/20,22200,2220000,59.33359384536743,227.69734805822372,6380.726464271545,126.24910210072994,0.44
22/30,4/20,22250,2225000,58.46071267127991,235.42899699509144,6420.618773460388,125.83810637146235,0.37
22/30,5/20,22300,2230000,59.128952503204346,216.45421731472015,6453.335725784302,124.90040331333876,0.41
22/30,6/20,22350,2235000,63.01934027671814,225.89025278389454,6483.16268157959,123.94225064665079,0.37
22/30,7/20,22400,2240000,58.14366388320923,219.55319263786077,6485.7557282447815,124.95767866075039,0.47
22/30,8/20,22450,2245000,58.06207609176636,232.8044867515564,6493.404965400696,127.12272562086582,0.37
22/30,9/20,22500,2250000,63.340988874435425,234.57117129862309,6501.716951370239,126.53664376586676,0.46
22/30,10/20,22550,2255000,58.11258006095886,231.5286634042859,6503.500670909882,123.72902800887823,0.49
22/30,11/20,22600,2260000,58.57839012145996,218.5473843961954,6475.053719043732,125.2212627157569,0.44
22/30,12/20,22650,2265000,63.33956432342529,225.5451436713338,6497.523099899292,123.39275402575731,0.46
22/30,13/20,22700,2270000,58.61784744262695,229.39827413484454,6483.16286277771,124.66369353234768,0.45
22/30,14/20,22750,2275000,57.492748975753784,227.67027282714844,6496.811010837555,123.85558298975229,0.44
22/30,15/20,22800,2280000,62.728941917419434,208.33938805013895,6452.315013408661,124.08059223741293,0.39
22/30,16/20,22850,2285000,59.46596693992615,217.746466062963,6470.319696903229,126.11188264936209,0.32
22/30,17/20,22900,2290000,56.3896701335907,207.07495982944965,6434.22750711441,126.32279079407454,0.38
22/30,18/20,22950,2295000,59.540595054626465,228.04453675448895,6439.98073387146,125.33943358063698,0.53
22/30,19/20,23000,2300000,59.6070191860199,229.47805507481098,6458.454673290253,128.79394456744194,0.41
23/30,0/20,23050,2305000,55.287715435028076,216.09983263909817,6406.5575613975525,131.55951669067144,0.48
23/30,1/20,23100,2310000,56.73431396484375,239.5196870341897,6317.925992012024,135.99650038033724,0.46
23/30,2/20,23150,2315000,62.674962759017944,231.85076604783535,6200.120683193207,139.75894736498594,0.43
23/30,3/20,23200,2320000,59.272167921066284,243.27718573063612,6139.048307657242,139.79082514345646,0.41
23/30,4/20,23250,2325000,57.59689807891846,229.50845279544592,6080.86501288414,140.64389131963253,0.37
23/30,5/20,23300,2330000,62.70378351211548,228.54813012480736,5996.428693771362,139.4761279374361,0.45
23/30,6/20,23350,2335000,57.92010474205017,209.58493323624134,5964.710497617722,135.8620322868228,0.41
23/30,7/20,23400,2340000,57.30410647392273,210.43329057842493,5934.394557476044,131.87858224660158,0.43
23/30,8/20,23450,2345000,60.99883246421814,208.83724231272936,5918.5927810668945,132.93604842573404,0.55
23/30,9/20,23500,2350000,59.31392765045166,198.13015968352556,5892.510014057159,130.74069783091545,0.36
23/30,10/20,23550,2355000,58.89553236961365,212.3736627548933,5948.988618373871,129.4764024913311,0.39
23/30,11/20,23600,2360000,60.14642310142517,205.82274673879147,5937.9858474731445,128.3436160311103,0.5
23/30,12/20,23650,2365000,61.463175535202026,195.78032894432545,5948.527257442474,127.57863277196884,0.41
23/30,13/20,23700,2370000,58.29454517364502,204.00853922963142,5962.972526311874,126.18288210779428,0.48
23/30,14/20,23750,2375000,60.14739418029785,208.567382119596,6001.587797403336,126.34447714686394,0.36
23/30,15/20,23800,2380000,64.07258176803589,218.63930255174637,5963.915288448334,128.69250278919935,0.38
23/30,16/20,23850,2385000,58.60528111457825,223.28881308436394,5980.571227073669,130.22821255773306,0.42
23/30,17/20,23900,2390000,59.715296506881714,208.3875815793872,5976.92723274231,128.14980134367943,0.4
23/30,18/20,23950,2395000,63.82413673400879,204.20010528713465,5995.211892127991,126.59867294877768,0.42
23/30,19/20,24000,2400000,58.08026194572449,205.26047626882792,6093.20943570137,127.43547770380974,0.36
24/30,0/20,24050,2405000,57.4183349609375,207.3667694553733,6083.436971664429,125.19772511720657,0.45
24/30,1/20,24100,2410000,61.42432761192322,207.13400470465422,6085.683029651642,127.15724889189005,0.46
24/30,2/20,24150,2415000,58.213765144348145,197.5349022820592,6119.11695766449,125.13370662927628,0.47
24/30,3/20,24200,2420000,56.82745599746704,195.5484371110797,6118.027687549591,126.12742863595486,0.43
24/30,4/20,24250,2425000,60.27507185935974,200.42736366391182,6177.703127384186,127.23431029170752,0.5
24/30,5/20,24300,2430000,58.54208064079285,207.8972883671522,6165.170395374298,127.14355731010437,0.36
24/30,6/20,24350,2435000,56.774399280548096,198.9051684141159,6144.846783161163,127.54786402732134,0.46
24/30,7/20,24400,2440000,58.733887910842896,200.62428326159716,6151.400785446167,124.60932352393866,0.37
24/30,8/20,24450,2445000,60.324811935424805,194.70294119790196,6202.084981918335,126.1572787463665,0.55
24/30,9/20,24500,2450000,56.629934549331665,200.29202491790056,6230.43338060379,125.58928230404854,0.54
24/30,10/20,24550,2455000,57.46051073074341,200.20788300037384,6203.33319234848,126.53977736085653,0.42
24/30,11/20,24600,2460000,61.83689308166504,197.30998203903437,6210.057651519775,126.41336829960346,0.43
24/30,12/20,24650,2465000,56.400179386138916,205.78547187149525,6210.68169426918,127.36773031204939,0.53
24/30,13/20,24700,2470000,55.517616987228394,224.98312675207853,6148.269639015198,128.50210296362638,0.42
24/30,14/20,24750,2475000,58.618398904800415,211.99911451339722,6112.918812274933,130.30948892235756,0.35
24/30,15/20,24800,2480000,57.188405990600586,205.36571160703897,6083.47394156456,131.26896232366562,0.46
24/30,16/20,24850,2485000,55.59751772880554,203.10949863493443,6075.120195388794,133.89045273512602,0.47
24/30,17/20,24900,2490000,56.47597289085388,199.10337767004967,6045.083261966705,134.72168219834566,0.36
24/30,18/20,24950,2495000,60.555654525756836,208.1540481671691,5934.689869880676,137.93882544338703,0.38
24/30,19/20,25000,2500000,56.813132524490356,214.82166182994843,5912.991394281387,140.9912694618106,0.49
25/30,0/20,25050,2505000,57.73905658721924,199.72902216762304,5811.758867263794,140.3195124566555,0.35
25/30,1/20,25100,2510000,63.533191442489624,213.23108314722776,5697.2783007621765,141.80137994140387,0.43
25/30,2/20,25150,2515000,57.02225995063782,218.96262391656637,5661.811350822449,137.86891271919012,0.39
25/30,3/20,25200,2520000,55.78085494041443,218.40097841620445,5607.697705030441,137.9435714557767,0.43
25/30,4/20,25250,2525000,60.71823263168335,204.0745690613985,5565.867316007614,133.91234378516674,0.4
25/30,5/20,25300,2530000,56.86668038368225,194.79359121620655,5532.32225227356,132.54869174212217,0.36
25/30,6/20,25350,2535000,55.681525230407715,210.82401375472546,5479.75847530365,129.80161903053522,0.3
25/30,7/20,25400,2540000,58.26530408859253,205.33817104250193,5528.874233484268,128.09676607698202,0.49
25/30,8/20,25450,2545000,60.13769555091858,198.1137484163046,5501.116161108017,128.314482152462,0.5
25/30,9/20,25500,2550000,56.71625113487244,208.98750969022512,5541.825140714645,128.35145139694214,0.41
25/30,10/20,25550,2555000,57.29457402229309,214.6163897588849,5568.9998161792755,126.45144660025835,0.46
25/30,11/20,25600,2560000,62.398242235183716,212.26637018471956,5614.443869590759,126.36637100577354,0.45
25/30,12/20,25650,2565000,56.62179684638977,215.49990624934435,5626.568661689758,126.86133381724358,0.49
25/30,13/20,25700,2570000,55.77487850189209,225.24219389259815,5634.767147541046,125.58456278592348,0.56
25/30,14/20,25750,2575000,59.67252206802368,221.52912195026875,5648.81288599968,125.57039921730757,0.33
25/30,15/20,25800,2580000,60.70583200454712,219.2313652560115,5640.524547100067,124.21105238050222,0.38
25/30,16/20,25850,2585000,58.25694441795349,204.28042621165514,5707.79750752449,124.16832434386015,0.37
25/30,17/20,25900,2590000,57.98381423950195,210.90183846652508,5697.556547164917,124.18795849382877,0.46
25/30,18/20,25950,2595000,61.73810005187988,193.67611997574568,5745.394640445709,124.02450689673424,0.52
25/30,19/20,26000,2600000,57.214179039001465,202.89818684011698,5768.394283771515,123.17496258020401,0.41
26/30,0/20,26050,2605000,57.993820667266846,218.4539152085781,5763.833861589432,123.9055590480566,0.43
26/30,1/20,26100,2610000,63.39936280250549,202.6467139646411,5822.948385953903,124.64123613387346,0.43
26/30,2/20,26150,2615000,58.61064696311951,205.2986392751336,5838.196985244751,122.74760942906141,0.39
26/30,3/20,26200,2620000,56.86711263656616,210.04176153242588,5849.908731937408,122.7257968634367,0.41
26/30,4/20,26250,2625000,61.73278474807739,200.77348758280277,5893.108973264694,123.03923857957125,0.38
26/30,5/20,26300,2630000,57.98786783218384,223.8661159425974,5906.459349155426,123.51310352236032,0.45
26/30,6/20,26350,2635000,57.85045886039734,212.47661242634058,5873.049345731735,122.4375467672944,0.47
26/30,7/20,26400,2640000,59.27875566482544,219.12197968363762,5896.073065280914,123.83443347364664,0.4
26/30,8/20,26450,2645000,61.03428936004639,203.640888184309,5932.10080575943,123.13506418466568,0.37
26/30,9/20,26500,2650000,56.347819566726685,191.5034041032195,5917.140487670898,125.40590830892324,0.51
26/30,10/20,26550,2655000,57.21964931488037,203.57360165938735,5913.607171058655,123.7921390235424,0.52
26/30,11/20,26600,2660000,61.63877749443054,195.91111866384745,5920.226979255676,125.28486556559801,0.42
26/30,12/20,26650,2665000,56.58759593963623,199.00670266151428,5968.452562570572,124.27501451224089,0.4
26/30,13/20,26700,2670000,56.11403799057007,195.35088004916906,5980.136098384857,122.48937956243753,0.45
26/30,14/20,26750,2675000,60.498695373535156,192.33383422344923,6020.977038145065,123.03571634739637,0.46
26/30,15/20,26800,2680000,58.744641065597534,200.9921341612935,6012.110358715057,124.16150847822428,0.4
26/30,16/20,26850,2685000,57.26897072792053,193.26340883597732,5991.273369550705,123.41567249596119,0.4
26/30,17/20,26900,2690000,59.04879093170166,186.15323863178492,6028.694890022278,124.60206458717585,0.39
26/30,18/20,26950,2695000,60.89606785774231,185.1024261713028,6086.298629045486,125.11427298933268,0.43
26/30,19/20,27000,2700000,56.96217155456543,193.6880861967802,6068.468423366547,124.88369681686163,0.4
27/30,0/20,27050,2705000,57.29779386520386,186.40101807564497,6074.0435090065,125.89625386893749,0.34
27/30,1/20,27100,2710000,62.674238204956055,184.29538871347904,6078.039025306702,124.95547485351562,0.5
27/30,2/20,27150,2715000,57.16339921951294,197.45793634653091,6047.759331703186,124.95793119072914,0.44
27/30,3/20,27200,2720000,55.81094837188721,191.90757988393307,6079.244612693787,124.26779799163342,0.35
27/30,4/20,27250,2725000,60.972675800323486,183.52407732605934,6047.086993694305,123.04299429804087,0.45
27/30,5/20,27300,2730000,57.49734425544739,185.90332943201065,6067.1510887146,122.89699596166611,0.38
27/30,6/20,27350,2735000,57.082311153411865,191.33844570815563,6060.478118419647,124.08830320835114,0.31
27/30,7/20,27400,2740000,59.40882849693298,196.352702409029,6085.185954093933,123.28170420229435,0.46
27/30,8/20,27450,2745000,60.93282866477966,174.49518055468798,6034.118543624878,124.47779606282711,0.41
27/30,9/20,27500,2750000,56.740957736968994,183.4768726080656,6053.387515068054,122.83942238241434,0.35
27/30,10/20,27550,2755000,56.9439058303833,190.53936781734228,6063.931954622269,122.22549357265234,0.52
27/30,11/20,27600,2760000,62.96174240112305,186.1639232262969,6058.656112194061,123.89005756378174,0.48
27/30,12/20,27650,2765000,58.07792806625366,178.29183024540544,6087.228234767914,122.97374546527863,0.32
27/30,13/20,27700,2770000,57.5025749206543,178.57788278907537,6097.444773197174,123.81911523640156,0.33
27/30,14/20,27750,2775000,61.7204372882843,183.66312742978334,6110.612440109253,125.01806981116533,0.36
27/30,15/20,27800,2780000,57.109527587890625,183.52798780053854,6095.808538913727,124.7952893897891,0.39
27/30,16/20,27850,2785000,56.92017674446106,189.28800866752863,6099.496751308441,125.20746036618948,0.48
27/30,17/20,27900,2790000,59.95340037345886,184.4910120256245,6143.744017601013,125.11596942692995,0.52
27/30,18/20,27950,2795000,59.81112504005432,181.25425637885928,6128.087242841721,124.1652477607131,0.38
27/30,19/20,28000,2800000,56.03939604759216,188.33888764679432,6127.681935787201,124.48613845556974,0.35
28/30,0/20,28050,2805000,57.19952917098999,186.6952462568879,6114.641615390778,123.20914535969496,0.36
28/30,1/20,28100,2810000,61.141207456588745,178.04193709790707,6085.054619312286,124.14911705255508,0.52
28/30,2/20,28150,2815000,56.92285180091858,197.70063276961446,6071.698432445526,124.15530819445848,0.52
28/30,3/20,28200,2820000,56.605642557144165,190.7250653654337,6085.226893186569,122.6225266084075,0.43
28/30,4/20,28250,2825000,61.31333017349243,194.9017958715558,6048.716052532196,125.68149394541979,0.44
28/30,5/20,28300,2830000,57.8071448802948,198.16064713150263,6059.701767444611,124.45016836374998,0.37
28/30,6/20,28350,2835000,56.20380187034607,184.85656425729394,6057.952176809311,123.23483109474182,0.38
28/30,7/20,28400,2840000,59.375786781311035,194.61750059574842,6045.952884197235,122.94888123124838,0.46
28/30,8/20,28450,2845000,58.09188508987427,197.4101713448763,6048.401238918304,122.28129848837852,0.3
28/30,9/20,28500,2850000,55.81124687194824,187.42374918609858,6014.783587694168,122.54042050242424,0.55
28/30,10/20,28550,2855000,57.01646423339844,188.41979430615902,6078.193840265274,122.20579916983843,0.49
28/30,11/20,28600,2860000,60.748432874679565,206.00347363203764,6044.522783994675,122.03839772194624,0.49
28/30,12/20,28650,2865000,55.91892337799072,217.22782470285892,6045.448194265366,124.22736658900976,0.5
28/30,13/20,28700,2870000,55.80964207649231,217.64913169294596,6052.086262702942,122.18722083419561,0.51
28/30,14/20,28750,2875000,61.34222173690796,195.59442279487848,6000.813106298447,123.96477204561234,0.4
28/30,15/20,28800,2880000,56.77226519584656,184.29829316586256,6056.155857801437,124.01086039841175,0.52
28/30,16/20,28850,2885000,55.69256019592285,195.97211685031652,6048.201284408569,122.46097250282764,0.45
28/30,17/20,28900,2890000,58.66381096839905,191.5532395467162,6077.434238910675,121.89159931242466,0.47
28/30,18/20,28950,2895000,59.03575301170349,199.13675776124,6078.16327047348,124.86975856870413,0.47
28/30,19/20,29000,2900000,56.28356623649597,191.92860028892756,6015.209847450256,120.54658954590559,0.41
29/30,0/20,29050,2905000,58.06401538848877,190.05327780544758,6050.740818023682,123.88383689522743,0.42
29/30,1/20,29100,2910000,61.3327853679657,187.04080529510975,6060.496644020081,122.68318916112185,0.53
29/30,2/20,29150,2915000,56.79225826263428,191.65001621842384,6041.21448135376,123.98072851449251,0.4
29/30,3/20,29200,2920000,57.95018935203552,187.74554869532585,6040.133682727814,125.00834555923939,0.38
29/30,4/20,29250,2925000,61.5081582069397,207.4317666143179,6030.106229066849,124.9206558316946,0.35
29/30,5/20,29300,2930000,56.517332792282104,193.40807660669088,5994.50457906723,123.83419521898031,0.42
29/30,6/20,29350,2935000,56.22741985321045,201.84609166532755,5972.004747390747,121.81848829984665,0.32
29/30,7/20,29400,2940000,59.70247173309326,192.99060040339828,5973.655871391296,122.81321872770786,0.45
29/30,8/20,29450,2945000,58.487475872039795,203.75283378362656,5969.313964128494,124.33161610364914,0.43
29/30,9/20,29500,2950000,56.467554807662964,198.69218558073044,5909.38888168335,123.46979431807995,0.42
29/30,10/20,29550,2955000,57.819703102111816,194.57388380169868,5926.723805904388,121.79164329171181,0.46
29/30,11/20,29600,2960000,61.417611598968506,194.730320841074,5917.545178413391,120.67404522001743,0.41
29/30,12/20,29650,2965000,56.43504071235657,212.28763014823198,5968.1548709869385,119.62831714749336,0.5
29/30,13/20,29700,2970000,55.23254656791687,206.80572352558374,5903.54245018959,121.02643541246653,0.38
29/30,14/20,29750,2975000,60.09178376197815,199.2225648984313,5893.975284814835,121.58032118529081,0.47
29/30,15/20,29800,2980000,57.381110191345215,219.53808393329382,5925.296425819397,121.84730719774961,0.39
29/30,16/20,29850,2985000,54.986841678619385,206.4278862029314,5900.257706642151,123.12552503496408,0.45
29/30,17/20,29900,2990000,59.20424556732178,199.00662534683943,5884.885630846024,123.77055982500315,0.47
29/30,18/20,29950,2995000,58.334858417510986,198.16119247674942,5884.9005007743835,121.70781761407852,0.34
29/30,19/20,30000,3000000,55.304657220840454,217.11917302012444,5905.005984783173,122.45183084905148,0.44
